0,<GO>
1,<EOS>
2,<PAD>
3,tempo
4,qn
5,1000012923
6,small
7,strcmp
8,strrev
9,2336
10,fy
11,sample
12,iflegal
13,cut
14,whf
15,yd
16,1300012707
17,schsum
18,zhaoyinshu
19,endchr
20,former
21,signal
22,hanshuzuoye
23,76211
24,longestd
25,knowcount
26,cui
27,858993460
28,rootp
29,1100012964
30,yuesefu
31,weekday
32,zhengfou
33,paiduiyouxi
34,oldj
35,arn
36,dlta
37,yush
38,617
39,turntonum
40,ylp
41,100000
42,transfer
43,longend
44,coor
45,1000012730
46,digui
47,wwj
48,zzhz
49,countday
50,zfuchuanchongpai
51,zzsl
52,strnum
53,51412
54,primeq
55,sumo
56,andthe
57,cover
58,lastcurr
59,1100013012
60,maxlocate
61,maxinputint
62,333
63,addin
64,illperson
65,wls
66,like
67,noempty
68,strt
69,lily
70,sumj
71,dday
72,1000010444
73,clone
74,431
75,chihuo
76,startj
77,skipping
78,wae
79,ati
80,1235
81,wrdd
82,rtrt
83,xzfc
84,jinzhi
85,integ
86,88880
87,ilovehomelive
88,ka
89,minrow
90,zhuyixunhuanjiesudexianzhitiaojian
91,zhan
92,storing
93,renew
94,io
95,1461
96,judgesame
97,w
98,systolic
99,1300012972
100,yang
101,invalid
102,456
103,zhuanhuan
104,down
105,herererere
106,prize
107,panduanfanwen
108,ga
109,distan
110,address
111,election
112,800000
113,lking
114,ynxiu
115,fenzi
116,jifen
117,extent
118,616
119,inf
120,ooks
121,shifouzimu
122,daxie
123,projects
124,ulesorta
125,eginning
126,indent
127,ftianji
128,000000001
129,11411
130,capple
131,grid
132,effectivenum
133,lenm
134,yin
135,lensu
136,aaaa
137,jxj
138,hour
139,lengthy
140,xian
141,award
142,tempsum
143,avx
144,lu
145,14341
146,alen
147,qual
148,mins
149,fpg
150,oldindex
151,dijitian
152,atn
153,80835
154,odd
155,252
156,1300012974
157,52369
158,1000012702
159,szz
160,templ
161,depthy
162,1221
163,3001
164,111028
165,fuzhi
166,chanel
167,rowm
168,partner
169,nseven
170,slotnum
171,posh
172,cars
173,lines
174,what
175,resullt
176,eishu
177,see
178,chu
179,tfreopen
180,imag
181,diag
182,1000010424
183,nume
184,chnew
185,signa
186,changeline
187,tota
188,mun
189,7928
190,digits
191,405
192,food
193,tmpf
194,1100012729
195,oyear
196,colmax
197,11055
198,getdif
199,effe
200,samenum
201,online
202,judm
203,rx
204,mq
205,351
206,1200012931
207,cjj
208,3271
209,215
210,pei
211,caculate
212,im
213,20121231
214,szlarge
215,196
216,negtive
217,1200012911
218,aerfa
219,mout
220,ascanf
221,yushu
222,cnmax
223,patage
224,profit
225,13937
226,10601
227,fangcheng
228,tmpdist
229,hundred
230,xaa
231,oz
232,ymxf
233,101011001101011110110
234,mlci
235,saddle
236,wenjun
237,length
238,ps
239,hui
240,2100
241,carryit
242,topqw
243,unfi
244,91996
245,pmax
246,intermedia
247,kao
248,1456
249,undi
250,137
251,infinity
252,countera
253,cmx
254,valid
255,status
256,ganster
257,1000012905
258,divid
259,sear
260,according
261,exch
262,111120
263,ssex
264,rk
265,thr
266,ansi
267,commar
268,colnum
269,firsti
270,middle
271,zuoian
272,oup
273,extern
274,010
275,rad
276,jone
277,jy
278,12421
279,maze
280,lmin
281,enough
282,1200012718
283,shang
284,ex
285,maxn
286,sfzc
287,cel
288,descending
289,026
290,20121008
291,shally
292,100005
293,longhead
294,wed
295,1000012904
296,ntime
297,cmpm
298,large
299,yorn
300,20
301,chk
302,avrage
303,jd
304,july
305,inl
306,pivot
307,caculation
308,xw
309,2020
310,14159265358979
311,cat
312,dynamic
313,ili
314,1200012988
315,1700
316,1000012865
317,thorn
318,procedure
319,scolarship
320,qj
321,microsoft
322,king
323,ddy
324,pow
325,code
326,lowerstair
327,canf
328,guess
329,zhendong
330,353
331,fw
332,987
333,changa
334,myfunc
335,oldage
336,288
337,mess
338,exchange
339,108
340,register
341,loop
342,llen
343,ynganu
344,tes
345,fitness
346,tempmonth
347,ezi
348,heing
349,malecount
350,qq
351,zongpingjidian
352,past
353,ii
354,o
355,maxtotal
356,maxpj
357,tzjword
358,prolem
359,cutzeros
360,ansstr
361,chengfa
362,finacci
363,tumour
364,checkit
365,zkh
366,health
367,oag
368,1300012946
369,997
370,differentyears
371,zhi
372,tmain
373,jisuanzhi
374,zichuanshu
375,sqrta
376,sita
377,sscanf
378,dorm
379,shijianiao
380,classeva
381,html
382,opt
383,cword
384,altitude
385,shuzunixu
386,chars
387,zgd
388,cifang
389,qc
390,336
391,colomn
392,due
393,lencount
394,ky
395,1000012760
396,87787
397,qihorse
398,solving
399,raket
400,0099
401,waynum
402,nresult
403,ydays
404,ct
405,xuegan
406,assume
407,killer
408,cones
409,1000012858
410,lendivide
411,pdl
412,ltianji
413,topp
414,conditions
415,2112
416,ismorethan
417,summer
418,ascore
419,qwl
420,rew
421,scooping
422,directions
423,100000000
424,349
425,ilen
426,jyx
427,118
428,anji
429,equalnum
430,pausing
431,stri
432,01
433,wst
434,43201
435,fopen
436,msum
437,990
438,lyear
439,youxi
440,43200
441,i
442,2255
443,entered
444,experimental
445,teacher
446,1202
447,zuhe
448,youngn
449,direction
450,laed
451,arradv
452,77777777
453,qt
454,6967
455,youerili
456,exit
457,139
458,chj
459,uttom
460,uilt
461,pnode
462,charge
463,mis
464,aaacccd
465,02
466,1023
467,leftnum
468,1000012912
469,propagate
470,cheng
471,toup
472,gni
473,1000011029
474,got
475,linenow
476,60249
477,xyx
478,pos
479,10298
480,patty
481,tempsex
482,set
483,00005
484,chance
485,mont
486,1111111111
487,sstr
488,token
489,caaaaa
490,pare
491,huanhang
492,sndmax
493,1100013009
494,dian
495,850
496,stud
497,iend
498,shuzunixuzhi
499,nextan
500,203
501,tmonkey
502,feat
503,tsign
504,809
505,morning
506,igmulti
507,seqs
508,27
509,zzz
510,calc
511,orn
512,mirror
513,9
514,mark
515,center
516,rema
517,au
518,converts
519,lnr
520,arcelona
521,tmp
522,ra
523,501
524,86031
525,1108
526,f
527,shanchushuzu
528,cro
529,pointnum
530,liaoxiao
531,194746
532,ef
533,curc
534,xlen
535,img
536,1234567
537,shortend
538,gxj
539,wslow
540,ds
541,cirno
542,xiangsu
543,luru
544,queen
545,20121109
546,lx
547,tip
548,lens
549,1100012780
550,mingzi
551,aelig
552,1200012784
553,duqu
554,printfing
555,lenofwords
556,weis
557,routex
558,lei
559,fuhe
560,notfound
561,islower
562,ying
563,don
564,wsym
565,maxwin
566,vi
567,iris
568,120012757
569,isprimeflag
570,mlen
571,toge
572,allfilled
573,quan
574,dayofm
575,stas
576,wrong
577,eijian
578,weekdays
579,juse
580,capp
581,longplace
582,now
583,duijiaoxian
584,scanf
585,kuohaopipei
586,investigate
587,major
588,erei
589,papers
590,rat
591,xfj
592,stemp
593,deduct
594,xiaochu
595,tjif
596,filename
597,miaomiao
598,meiyong
599,compute
600,pickup
601,12272
602,mult
603,testhuiwen
604,233333
605,solutionnum
606,parts
607,locations
608,10151
609,renshita
610,stick
611,ang
612,zanshimianji
613,helps
614,fwd
615,266
616,2943
617,zi
618,tpp
619,nin
620,1111100000
621,leo
622,tmph
623,fal
624,0000000000
625,infection
626,84
627,palindrome
628,ppp
629,it
630,join
631,locali
632,ucket
633,youxiu
634,hor
635,1200011797
636,lenovo
637,husand
638,mincross
639,stayear
640,another
641,tid
642,info
643,1000012792
644,call
645,maxdeshu
646,mday
647,work
648,sr
649,self
650,myroom
651,getin
652,content
653,squarea
654,272
655,their
656,yan
657,numsmall
658,stdio
659,314
660,outda
661,numnan
662,errer
663,qr
664,40002
665,painansheng
666,dou
667,jsz
668,70
669,longl
670,725
671,inase
672,wide
673,seven
674,1000002
675,14444
676,preword
677,follow
678,480
679,color
680,jinwei
681,shai
682,kuohaoin
683,mathematics
684,105281
685,distriuted
686,rpart
687,mpow
688,tempn
689,rightracket
690,400000
691,guiling
692,lennumig
693,ppr
694,shulie
695,sigma
696,tqsz
697,yzs
698,youxiao
699,liel
700,su
701,hemi
702,3088
703,daysf
704,90010
705,reak
706,rightward
707,lashou
708,tie
709,szp
710,jp
711,nstr
712,1200012884
713,20121208
714,was
715,ua
716,needle
717,1112
718,itwo
719,primary
720,whichmonth
721,weiwan
722,zhen
723,nprogrammer
724,classg
725,tday
726,rr
727,montwo
728,increasingodd
729,percentage
730,24999
731,aj
732,patient
733,crtpo
734,1300012894
735,filterredundantspace
736,idnum
737,xiaoxie
738,interupt
739,fail
740,15000000
741,cprd
742,mei
743,dzs
744,multimatrix
745,kt
746,mor
747,inputlen
748,shijinzhishu
749,suu
750,341
751,xuefenzhihe
752,qpstr
753,withempty
754,pointer
755,99990
756,vol
757,569
758,tegin
759,skc
760,factorize
761,fengjie
762,route
763,457
764,rintf
765,knum
766,thead
767,nta
768,angan
769,ages
770,etter
771,team
772,minofc
773,20121113
774,1000012776
775,moneyall
776,adtimes
777,fla
778,chi
779,shunxu
780,tempcnt
781,nlz
782,rm
783,highmark
784,yea
785,flat
786,nian
787,zuida
788,changes
789,tiqu
790,mu
791,traverse
792,fang
793,indexmax
794,tang
795,norm
796,1800
797,234
798,maxa
799,tmoney
800,checkp
801,tran
802,ntmp
803,numofking
804,macro
805,16533
806,equivalent
807,316
808,liloy
809,he
810,ppat
811,sep
812,20101122
813,114
814,sgn
815,hj
816,00090
817,1200062701
818,wordn
819,1200012876
820,license
821,paohuierhao
822,zp
823,gotozero
824,40
825,ws
826,almost
827,istarget
828,tjs
829,phigh
830,edge
831,224
832,stdin
833,cwd
834,feruary
835,9711
836,kicked
837,443
838,rightx
839,tzuyen
840,minu
841,1045
842,248
843,circulate
844,scoresum
845,kaoshi
846,cgpa
847,lit
848,moveforward
849,nfa
850,nversion
851,fif
852,prt
853,yuandan
854,000876
855,jihao
856,iw
857,rslt
858,partlen
859,seperatesort
860,iaoshifu
861,does
862,flagdh
863,huiwenxulie
864,alphaetic
865,1200012844
866,ascmax
867,colsx
868,istart
869,intimech
870,hmax
871,inword
872,dst
873,cxia
874,1200012925
875,cha
876,0000
877,tips
878,minno
879,xsz
880,old
881,hgt
882,curr
883,ly
884,june
885,fromy
886,jn
887,curp
888,1000012768
889,jjj
890,1000010439
891,qx
892,efg
893,cixu
894,myturn
895,mlie
896,mysort
897,260
898,0213
899,eta
900,project
901,leader
902,maxr
903,org
904,150000
905,joseph
906,ktpm
907,ay
908,unsigned
909,ddd
910,ishuiwen
911,cp
912,minlen
913,maxe
914,hwzc
915,535
916,otz
917,pieces
918,ischange
919,prints
920,zhuyongfu
921,aword
922,pal
923,youer
924,anping
925,refine
926,eday
927,ada
928,nerror
929,xiaoxiezimu
930,expo
931,ymax
932,nr
933,april
934,dier
935,619
936,2218
937,1100012925
938,player
939,ping
940,maxc
941,pati
942,end
943,huangjiali
944,weiz
945,0023
946,ucase
947,19
948,mostook
949,redistriute
950,dm
951,minstart
952,letnum
953,1005
954,129
955,kiss
956,iaozhun
957,track
958,cc
959,hun
960,zzzd
961,oysready
962,ij
963,36524
964,chengjiyouxiu
965,ianli
966,1200012825
967,00
968,imax
969,shorthead
970,123321
971,nametemp
972,rest
973,jilu
974,ling
975,dtt
976,fig
977,downm
978,qiuyu
979,tempzifushu
980,rd
981,lhs
982,egin
983,sum
984,1203
985,sutract
986,temp
987,zhaodui
988,mostpeople
989,lyh
990,chenminhuan
991,maxpeople
992,jewel
993,iter
994,11197
995,more
996,rightwall
997,140
998,xa
999,outnum
1000,fanxu
1001,stq
1002,primjud
1003,tianig
1004,xishu
1005,edmonth
1006,rangestr
1007,julijisuan
1008,565
1009,micro
1010,935
1011,place
1012,cmpa
1013,devisor
1014,persons
1015,mxf
1016,latter
1017,cons
1018,ystp
1019,endthischar
1020,61
1021,967
1022,mtod
1023,nook
1024,mtemp
1025,identf
1026,fxs
1027,lins
1028,county
1029,pafind
1030,1300012850
1031,print
1032,monitor
1033,ohear
1034,moon
1035,000000000
1036,12343
1037,lieshu
1038,sev
1039,shiu
1040,rmax
1041,pres
1042,shuzunan
1043,chose
1044,exict
1045,xline
1046,ynum
1047,2311
1048,zh
1049,thought
1050,arrangearry
1051,dayofmonth
1052,2900
1053,disan
1054,rnum
1055,shz
1056,colup
1057,iaoji
1058,jq
1059,ttt
1060,indct
1061,oldpeople
1062,same
1063,aso
1064,inputnumers
1065,mode
1066,thisnum
1067,lenmax
1068,yixia
1069,1100062706
1070,120000
1071,kase
1072,identify
1073,shi
1074,sumq
1075,source
1076,ar
1077,ttempq
1078,90
1079,mainlen
1080,21
1081,1200012957
1082,dayfr
1083,lenxin
1084,waye
1085,shou
1086,jiangjinzongshu
1087,cuo
1088,stupid
1089,nmn
1090,warranty
1091,dex
1092,dism
1093,ssum
1094,ou
1095,saima
1096,creatalist
1097,zhaoze
1098,305
1099,term
1100,median
1101,eqw
1102,getaverage
1103,cash
1104,welknownnum
1105,204547
1106,judgec
1107,runnian
1108,700000000
1109,2048
1110,dmin
1111,1100012808
1112,sing
1113,xaay
1114,1200012854
1115,pend
1116,connection
1117,sza
1118,dazhengshujianfa
1119,loodpressure
1120,tianslow
1121,miss
1122,wangrunhui
1123,ed
1124,default
1125,muiao
1126,kon
1127,jwjyx
1128,est
1129,wuaoshu
1130,neww
1131,if
1132,homo
1133,jvzhen
1134,12100
1135,ispo
1136,suoyou
1137,oldp
1138,lengtha
1139,xiaoshi
1140,feed
1141,averse
1142,powern
1143,diandao
1144,ctemp
1145,maxtype
1146,200001
1147,descripition
1148,memer
1149,highesta
1150,kw
1151,kx
1152,12001
1153,eichu
1154,cases
1155,juli
1156,floory
1157,tzfc
1158,numofafter
1159,enda
1160,sdjkhfksdahfjksdh
1161,oards
1162,750
1163,yuan
1164,diff
1165,stt
1166,isn
1167,161
1168,ordm
1169,tmonth
1170,coord
1171,temple
1172,newp
1173,wf
1174,ply
1175,dijigeshu
1176,txx
1177,jisuan
1178,jj
1179,ptox
1180,delimination
1181,461
1182,nul
1183,hangxiao
1184,line
1185,123456
1186,pure
1187,cache
1188,iteration
1189,oddup
1190,rel
1191,initial
1192,suscript
1193,maxmium
1194,maxasc
1195,dv
1196,26000
1197,5876
1198,daystart
1199,pulic
1200,assertions
1201,list
1202,revn
1203,tender
1204,countt
1205,junfangcha
1206,145731
1207,varieties
1208,exp
1209,1100012798
1210,sorthuiwen
1211,routey
1212,cla
1213,insertsort
1214,cht
1215,shaodian
1216,tfree
1217,inthai
1218,525
1219,tmin
1220,maxtemp
1221,2050
1222,yian
1223,alltell
1224,126791
1225,4950
1226,tii
1227,disintegerate
1228,rother
1229,dsum
1230,ti
1231,00001
1232,printa
1233,59690
1234,zhouan
1235,greedy
1236,1200012749
1237,qipengyuanshui
1238,lenin
1239,fgetc
1240,29
1241,how
1242,shanding
1243,sumxf
1244,multiplication
1245,cure
1246,shidejidian
1247,strigint
1248,getlength
1249,101000
1250,102012
1251,4900
1252,retval
1253,yao
1254,notallfilled
1255,qws
1256,70000
1257,kick
1258,zhongnian
1259,isstart
1260,loe
1261,newline
1262,merchantaility
1263,have
1264,tslow
1265,carry
1266,guangda
1267,spe
1268,4919
1269,vqw
1270,60
1271,1134
1272,uuml
1273,lirary
1274,1000111
1275,tmpt
1276,xtz
1277,1300012754
1278,numer
1279,ncount
1280,mmin
1281,2200
1282,maxp
1283,1000012738
1284,cutpoint
1285,xler
1286,mar
1287,oy
1288,jiaojiao
1289,zqsl
1290,191
1291,minus
1292,14609700
1293,6600
1294,ext
1295,lthree
1296,arrivetime
1297,startd
1298,dele
1299,5081
1300,1300013011
1301,lgth
1302,zhong
1303,trm
1304,pass
1305,atgc
1306,difa
1307,r
1308,1200012708
1309,hear
1310,qiw
1311,addressx
1312,tgetchar
1313,anglesum
1314,cai
1315,1200012935
1316,seem
1317,cankao
1318,curword
1319,tempday
1320,thu
1321,maxtimes
1322,func
1323,orrow
1324,ls
1325,xueya
1326,shao
1327,50000
1328,1200012896
1329,jmyhhx
1330,fri
1331,jiao
1332,20131114
1333,ceng
1334,client
1335,deter
1336,classes
1337,37
1338,ax
1339,1232
1340,10000000000
1341,roadmeet
1342,tempi
1343,itc
1344,20010
1345,1100012870
1346,1100012873
1347,itset
1348,nperson
1349,healthy
1350,solve
1351,setprecision
1352,ci
1353,maxspot
1354,dert
1355,1300013007
1356,noghus
1357,sumook
1358,qmin
1359,000
1360,tmpmax
1361,centennial
1362,emp
1363,jwjzsh
1364,htr
1365,getsum
1366,pts
1367,ground
1368,1008
1369,victim
1370,open
1371,lest
1372,nvshu
1373,dingyou
1374,rsz
1375,ruiyi
1376,ignored
1377,isspace
1378,afr
1379,977
1380,the
1381,yday
1382,shusu
1383,kok
1384,lianjie
1385,punish
1386,timer
1387,yj
1388,nxt
1389,colcol
1390,fdis
1391,twen
1392,69
1393,panding
1394,thislen
1395,cscore
1396,kmax
1397,xiujiangxue
1398,authors
1399,1105
1400,officer
1401,countl
1402,nq
1403,intonumer
1404,orde
1405,inrange
1406,itruth
1407,decemer
1408,funcof
1409,104
1410,laonian
1411,xys
1412,shirunnian
1413,fly
1414,wc
1415,minmj
1416,swap
1417,gede
1418,xan
1419,oh
1420,stm
1421,virus
1422,access
1423,runday
1424,hhead
1425,24549
1426,hope
1427,1300012811
1428,acc
1429,mou
1430,common
1431,myrank
1432,98098
1433,141
1434,rever
1435,uffer
1436,nnn
1437,male
1438,dir
1439,monat
1440,province
1441,lent
1442,noshowpos
1443,oid
1444,moni
1445,genzai
1446,nvsm
1447,1114
1448,jrnum
1449,wordlength
1450,ym
1451,rait
1452,46
1453,heihei
1454,gets
1455,wordedit
1456,10040
1457,san
1458,toutput
1459,greater
1460,volatile
1461,1111111
1462,chsentence
1463,friend
1464,nief
1465,colleft
1466,337
1467,templen
1468,decf
1469,10033
1470,xgy
1471,hanzi
1472,copyright
1473,readnum
1474,0000000
1475,52
1476,overturn
1477,numson
1478,speeee
1479,1002
1480,ifprime
1481,putapples
1482,htime
1483,li
1484,zhongxin
1485,ook
1486,presence
1487,01230
1488,3348
1489,pointa
1490,putapple
1491,joy
1492,yid
1493,iostream
1494,asss
1495,lpj
1496,zhao
1497,tmpm
1498,pinmonth
1499,nhead
1500,js
1501,expa
1502,sumjidian
1503,patition
1504,mluti
1505,dygzw
1506,shumu
1507,1201
1508,xinqi
1509,02110
1510,node
1511,tjl
1512,raw
1513,1200012971
1514,qizhongceshi
1515,sortnum
1516,134535
1517,curnml
1518,easked
1519,search
1520,detect
1521,jofmax
1522,dizhi
1523,rror
1524,deleteitems
1525,tcin
1526,jiandancheng
1527,oldno
1528,maxwords
1529,149
1530,funcofa
1531,65530
1532,roken
1533,keyoard
1534,wuguan
1535,lenyoung
1536,1009
1537,1200012914
1538,tahc
1539,moan
1540,236
1541,hit
1542,applestay
1543,madrid
1544,15
1545,newn
1546,dn
1547,xgl
1548,20131127
1549,ewszyszxl
1550,pianduan
1551,9000
1552,877
1553,24947
1554,weil
1555,studenti
1556,cw
1557,lxs
1558,rplyc
1559,calloc
1560,nhw
1561,youshang
1562,write
1563,quadrangle
1564,ah
1565,1200012776
1566,while
1567,isgraph
1568,reada
1569,suduction
1570,dom
1571,feionaqi
1572,restsum
1573,853
1574,days
1575,fromx
1576,maxl
1577,acceptale
1578,15458
1579,currentmark
1580,wj
1581,totle
1582,memcpy
1583,tia
1584,additional
1585,yog
1586,minc
1587,pre
1588,lenc
1589,arraycout
1590,created
1591,pingjun
1592,palist
1593,sumi
1594,171
1595,1254
1596,tf
1597,pap
1598,nvnum
1599,5226
1600,zhongliu
1601,doulesort
1602,lao
1603,er
1604,huan
1605,mini
1606,qipa
1607,semp
1608,xci
1609,asi
1610,fgets
1611,paidui
1612,second
1613,tops
1614,itype
1615,urun
1616,yasuoi
1617,qdykg
1618,zongfen
1619,nam
1620,deq
1621,requires
1622,chouqu
1623,rememernum
1624,la
1625,daitihuan
1626,mnum
1627,20000
1628,thenumer
1629,olank
1630,vd
1631,timein
1632,3109
1633,010158
1634,over
1635,1063
1636,mianji
1637,tcontinue
1638,zhead
1639,qe
1640,go
1641,daysin
1642,picture
1643,qtail
1644,my
1645,30
1646,rvs
1647,aumost
1648,space
1649,zuozhen
1650,fourlv
1651,face
1652,without
1653,tiao
1654,spcamount
1655,kongwei
1656,acute
1657,spring
1658,13
1659,asin
1660,linklist
1661,guilin
1662,gn
1663,judgeprime
1664,39
1665,eliminate
1666,ass
1667,1300012838
1668,fuhao
1669,ssy
1670,scho
1671,ageyoung
1672,junzhi
1673,rice
1674,matrixx
1675,qf
1676,10058
1677,ha
1678,sumday
1679,precent
1680,printc
1681,1505
1682,qm
1683,wwm
1684,sym
1685,scanarray
1686,6
1687,emonth
1688,proliferation
1689,diry
1690,keyi
1691,cas
1692,dvd
1693,inmag
1694,gdt
1695,910000
1696,spj
1697,kuso
1698,gui
1699,dpmax
1700,increasing
1701,dmax
1702,smonth
1703,name
1704,shortplace
1705,notzero
1706,toptj
1707,nc
1708,usd
1709,numtotal
1710,hq
1711,zhongjianliang
1712,09119
1713,monthd
1714,total
1715,zc
1716,109
1717,waitlist
1718,montha
1719,isempty
1720,toupper
1721,sumt
1722,chush
1723,orders
1724,toend
1725,zhangzhe
1726,neighor
1727,jtest
1728,ndis
1729,reverse
1730,getup
1731,transnum
1732,douhao
1733,oychar
1734,guowang
1735,huiwenjud
1736,739
1737,ver
1738,11294
1739,flq
1740,ottum
1741,application
1742,anslen
1743,173
1744,qy
1745,xijun
1746,shousuoya
1747,10700
1748,much
1749,mh
1750,duty
1751,stunum
1752,1200012815
1753,djt
1754,race
1755,eyear
1756,ch
1757,utton
1758,nummax
1759,comparemale
1760,99013
1761,1200012986
1762,xcode
1763,1000010500
1764,servant
1765,infector
1766,sut
1767,344
1768,cns
1769,720
1770,laonianili
1771,yasuo
1772,shur
1773,111230
1774,strmin
1775,tend
1776,trn
1777,inputting
1778,srev
1779,movenum
1780,ary
1781,1501
1782,runmonth
1783,265
1784,calnumer
1785,lin
1786,10082
1787,flagmul
1788,reign
1789,qujianl
1790,xsum
1791,334
1792,far
1793,scanning
1794,maxpl
1795,4867
1796,tputs
1797,oldpat
1798,46651
1799,ship
1800,sd
1801,tauthor
1802,rowmax
1803,1300
1804,symmetry
1805,xingqi
1806,888888888
1807,lgm
1808,output
1809,hugs
1810,mcom
1811,qimo
1812,maxy
1813,lp
1814,pipei
1815,fionacii
1816,headx
1817,293
1818,ut
1819,iomanip
1820,disday
1821,numl
1822,manners
1823,xp
1824,inttochar
1825,flagex
1826,position
1827,241
1828,gather
1829,700
1830,plx
1831,ppl
1832,tum
1833,zxuefen
1834,wq
1835,1100017637
1836,ret
1837,1000012832
1838,headan
1839,mul
1840,vssg
1841,monday
1842,lood
1843,liuchengdong
1844,yearr
1845,upr
1846,1000012808
1847,nowchar
1848,wordnew
1849,minlie
1850,anw
1851,add
1852,liwei
1853,first
1854,irth
1855,operate
1856,2
1857,kh
1858,1100012844
1859,symol
1860,mystrcmp
1861,loc
1862,1069
1863,599
1864,gujiao
1865,yuanshi
1866,reversed
1867,minusn
1868,amnt
1869,avn
1870,yasuoc
1871,shan
1872,knownum
1873,merge
1874,tempr
1875,selection
1876,rightrow
1877,ciny
1878,yw
1879,jud
1880,ailleurs
1881,nihao
1882,1000000
1883,longs
1884,monp
1885,fp
1886,008
1887,numle
1888,trial
1889,leftmoney
1890,court
1891,ecirc
1892,tmax
1893,pfh
1894,soo
1895,av
1896,girls
1897,dyear
1898,9900
1899,1260010
1900,df
1901,flunum
1902,exturn
1903,tfscanf
1904,dmonth
1905,yinzi
1906,alias
1907,1499
1908,oard
1909,honey
1910,mt
1911,32767
1912,addit
1913,qiwangad
1914,20001
1915,numt
1916,rand
1917,188000
1918,yuesefuwenti
1919,chn
1920,1300012991
1921,satisfy
1922,tmpvalue
1923,march
1924,zhiyinshu
1925,tel
1926,allc
1927,strm
1928,eatingamount
1929,375
1930,selectionsort
1931,remax
1932,cm
1933,ml
1934,huo
1935,ccout
1936,1000012850
1937,longlen
1938,1000012789
1939,imaginary
1940,16777209
1941,isreak
1942,4348
1943,2332
1944,zhongnianili
1945,dot
1946,rev
1947,aidu
1948,moveahead
1949,wis
1950,strf
1951,months
1952,theoutputstring
1953,rdmax
1954,shua
1955,jwj
1956,02510406
1957,facortial
1958,sexual
1959,matches
1960,yq
1961,exc
1962,yuqiwuguan
1963,ppd
1964,maxzuozhe
1965,fx
1966,firstday
1967,pat
1968,dp
1969,lmax
1970,sus
1971,nsen
1972,tdownload
1973,rlink
1974,answery
1975,coutt
1976,ttag
1977,ykhao
1978,1100019007
1979,form
1980,notice
1981,dgetnum
1982,sujd
1983,maleindex
1984,lj
1985,goodstudent
1986,hash
1987,getday
1988,gg
1989,32216
1990,tongji
1991,mxt
1992,weiq
1993,ng
1994,finput
1995,its
1996,linelenth
1997,1000012839
1998,divisors
1999,aef
2000,rope
2001,strmax
2002,tcc
2003,isrunyear
2004,msg
2005,proeess
2006,yueshu
2007,nxiaopengyou
2008,recorder
2009,prizetoget
2010,hfyy
2011,fnt
2012,examgrade
2013,nlx
2014,note
2015,nx
2016,ilenx
2017,hxx
2018,countpeople
2019,reading
2020,hfemale
2021,putchar
2022,anwser
2023,countyear
2024,tashisushu
2025,delend
2026,208
2027,283
2028,lensustr
2029,switch
2030,couple
2031,pdjsc
2032,short
2033,jm
2034,888
2035,nvshengao
2036,peoplesum
2037,8989
2038,width
2039,unit
2040,ifsu
2041,mystring
2042,nor
2043,increase
2044,editting
2045,5000
2046,ft
2047,caixiang
2048,atoi
2049,assignment
2050,05
2051,jsq
2052,scorefinal
2053,msize
2054,panzi
2055,zhizhen
2056,finished
2057,new
2058,propagete
2059,ot
2060,tdoule
2061,caledge
2062,shot
2063,emon
2064,imf
2065,rearange
2066,sqplus
2067,dount
2068,mp
2069,kingmonkey
2070,numj
2071,resm
2072,naa
2073,jiweiyx
2074,mxh
2075,cntr
2076,notfind
2077,ansrow
2078,dhj
2079,467
2080,fa
2081,danci
2082,ansa
2083,fuck
2084,checkegin
2085,fangcha
2086,china
2087,vmt
2088,minword
2089,qwe
2090,flagc
2091,enday
2092,tempd
2093,eas
2094,defen
2095,off
2096,mjs
2097,classmarks
2098,sumv
2099,along
2100,flagi
2101,console
2102,yes
2103,npeople
2104,qww
2105,3100
2106,04
2107,minm
2108,fund
2109,star
2110,qiansan
2111,te
2112,jumped
2113,deuging
2114,demin
2115,ijkh
2116,526
2117,fkong
2118,starty
2119,under
2120,revto
2121,reproduce
2122,rinputdata
2123,strchange
2124,625
2125,select
2126,arrayend
2127,nworse
2128,vir
2129,thisnode
2130,site
2131,letters
2132,ht
2133,swep
2134,aischeck
2135,templie
2136,wong
2137,cx
2138,zanshi
2139,spos
2140,xiii
2141,214
2142,zerorow
2143,hou
2144,overpatients
2145,112
2146,ans
2147,1300012849
2148,pose
2149,rea
2150,cyclic
2151,locj
2152,statement
2153,21474836
2154,selectsort
2155,fraction
2156,lzz
2157,next
2158,design
2159,nacddca
2160,110012959
2161,73
2162,miaoshu
2163,zhaopinhuirenshu
2164,769
2165,gongyou
2166,who
2167,jiweijiuliaofa
2168,dummy
2169,farr
2170,math
2171,gosh
2172,mokey
2173,smallstr
2174,avr
2175,minister
2176,eamm
2177,1000010175
2178,tin
2179,nma
2180,cgrade
2181,sustract
2182,countleapyear
2183,oys
2184,wan
2185,551
2186,fl
2187,shortnum
2188,diandui
2189,mtmp
2190,targetslen
2191,sqart
2192,122
2193,eijing
2194,xxx
2195,ysum
2196,194
2197,tflag
2198,monthdays
2199,31
2200,cun
2201,tm
2202,chess
2203,character
2204,hn
2205,zn
2206,zongliang
2207,00948343
2208,20002
2209,863
2210,593
2211,fanhui
2212,tsqrt
2213,gha
2214,tr
2215,2651
2216,sulen
2217,clear
2218,monthr
2219,downw
2220,dinominator
2221,rmap
2222,temph
2223,hengsum
2224,1300012739
2225,wx
2226,tjf
2227,shit
2228,zuo
2229,85596
2230,tmpindex
2231,cans
2232,gao
2233,240
2234,atime
2235,chengfang
2236,anwei
2237,aoshu
2238,slowt
2239,chulie
2240,pds
2241,1000012826
2242,hl
2243,9001
2244,rxx
2245,107
2246,afast
2247,hs
2248,403
2249,jis
2250,numord
2251,65
2252,111
2253,received
2254,onto
2255,femalenum
2256,atof
2257,09
2258,ovr
2259,szy
2260,contine
2261,579
2262,program
2263,qjs
2264,typezh
2265,swi
2266,fu
2267,pl
2268,maxrow
2269,32768
2270,4663
2271,ido
2272,ingxue
2273,nousix
2274,deltax
2275,xuild
2276,nnum
2277,ms
2278,purchases
2279,1100012789
2280,13331
2281,state
2282,600
2283,nname
2284,remj
2285,1300012761
2286,maxauthor
2287,inc
2288,inputarray
2289,failed
2290,afan
2291,wa
2292,313
2293,ln
2294,ki
2295,nzf
2296,strdup
2297,vacancy
2298,72
2299,isok
2300,2011
2301,columnmin
2302,rowa
2303,tiaohuai
2304,das
2305,1100012722
2306,loser
2307,req
2308,100871
2309,certain
2310,ho
2311,wusijiangxue
2312,571
2313,numyoung
2314,1027
2315,kongai
2316,83
2317,19000
2318,assert
2319,sunxu
2320,320
2321,prime
2322,vc
2323,sizee
2324,eva
2325,strcat
2326,tempyear
2327,leapnum
2328,1000012877
2329,main
2330,ooknum
2331,056
2332,1200012867
2333,susucheck
2334,figuremax
2335,1000012939
2336,rownum
2337,ptianlow
2338,204
2339,nsap
2340,addr
2341,pheader
2342,strl
2343,lq
2344,zd
2345,checkresult
2346,26665
2347,zuoiao
2348,jsgl
2349,33333333333333333333
2350,aaa
2351,syx
2352,xiaojie
2353,appear
2354,her
2355,tomorrow
2356,142456
2357,1256
2358,2012
2359,449
2360,tempchar
2361,spa
2362,encounters
2363,lfs
2364,outs
2365,jl
2366,cmp
2367,96
2368,cinx
2369,tdays
2370,fqiwang
2371,numerator
2372,nima
2373,vaca
2374,duilie
2375,jodge
2376,luckymonkey
2377,stop
2378,elimination
2379,strn
2380,strategy
2381,including
2382,jiangjin
2383,ffff
2384,131
2385,len
2386,10502
2387,well
2388,cntc
2389,nan
2390,primea
2391,ie
2392,qinpeng
2393,222
2394,disc
2395,144
2396,startmonth
2397,tcromwell
2398,yc
2399,tfputc
2400,gregorian
2401,isit
2402,leape
2403,sumdonth
2404,1200062704
2405,rns
2406,0501
2407,ifunlucky
2408,mdis
2409,6067
2410,khorse
2411,liuganchuanran
2412,cir
2413,leapyearjudgement
2414,11288
2415,converse
2416,vmax
2417,170
2418,mn
2419,guss
2420,qp
2421,countmax
2422,targetchar
2423,discharge
2424,factor
2425,cmppo
2426,tfclose
2427,igm
2428,immediately
2429,finalscore
2430,amax
2431,1001
2432,keyin
2433,zipc
2434,qiwanggood
2435,commoninteger
2436,14
2437,scan
2438,159
2439,maxwh
2440,descrie
2441,tfprintf
2442,lh
2443,logo
2444,inco
2445,testfi
2446,2938
2447,jingzhi
2448,428
2449,maxsize
2450,fenshu
2451,lop
2452,tempans
2453,zfca
2454,people
2455,tstatic
2456,thousand
2457,four
2458,goldach
2459,kresult
2460,nlen
2461,chs
2462,cfan
2463,temper
2464,290
2465,rep
2466,ffas
2467,ookid
2468,usigned
2469,q
2470,inputdata
2471,1200012764
2472,maxii
2473,car
2474,real
2475,18
2476,clen
2477,400
2478,sy
2479,216
2480,ssd
2481,lsj
2482,huichuan
2483,arranged
2484,setw
2485,ase
2486,strchr
2487,remove
2488,toascii
2489,weizhi
2490,wn
2491,ograve
2492,maxer
2493,fas
2494,fflush
2495,chen
2496,year
2497,dr
2498,perror
2499,tizhong
2500,divided
2501,luck
2502,qita
2503,shui
2504,1000012827
2505,yag
2506,38869821
2507,zmnum
2508,fsize
2509,379
2510,kg
2511,530
2512,chuli
2513,decimal
2514,xijunfanzhi
2515,puttogether
2516,continue
2517,zhaodao
2518,time
2519,getsu
2520,j
2521,firstone
2522,12345553
2523,51
2524,good
2525,on
2526,ocirc
2527,ptcpt
2528,2500
2529,399
2530,man
2531,10308
2532,zou
2533,relax
2534,dh
2535,qiwangs
2536,posc
2537,upwall
2538,adsqr
2539,for
2540,42
2541,1100013004
2542,creat
2543,chan
2544,suanweishu
2545,outd
2546,iacute
2547,inary
2548,depth
2549,imagpart
2550,qhead
2551,they
2552,argue
2553,nfx
2554,chaju
2555,itv
2556,stl
2557,mj
2558,unlucky
2559,xuefenhe
2560,shun
2561,convert
2562,anjicj
2563,1200012826
2564,dep
2565,stract
2566,zimushu
2567,325
2568,correct
2569,try
2570,paste
2571,message
2572,tname
2573,3013
2574,1004
2575,isr
2576,maths
2577,600000
2578,1200015101
2579,ec
2580,159020
2581,shuzhou
2582,ningyan
2583,numtemp
2584,sumcol
2585,his
2586,reconstr
2587,cocktail
2588,cell
2589,multiple
2590,plan
2591,endcol
2592,shijinzhi
2593,10007
2594,inpue
2595,patience
2596,tempy
2597,1300012732
2598,low
2599,newnode
2600,10086
2601,heng
2602,pori
2603,18739
2604,longer
2605,leftcolumn
2606,sm
2607,daoxu
2608,unzero
2609,think
2610,nextp
2611,tfast
2612,zuiduo
2613,oep
2614,righty
2615,05000000
2616,ff
2617,454
2618,1300062709
2619,999999
2620,montht
2621,isdigit
2622,jmytc
2623,wushi
2624,ipstr
2625,255
2626,cst
2627,1000
2628,dajianfa
2629,110001
2630,huiwenzilie
2631,xuekezong
2632,lead
2633,fscanf
2634,xinxi
2635,scoreq
2636,row
2637,nth
2638,provided
2639,std
2640,chec
2641,distanceorder
2642,pand
2643,txuefen
2644,yearx
2645,findn
2646,gnum
2647,cow
2648,wall
2649,1000012899
2650,chengyou
2651,prove
2652,cone
2653,88888
2654,dayin
2655,0063001
2656,mian
2657,dt
2658,weishu
2659,smaller
2660,160
2661,minpl
2662,highestname
2663,ld
2664,5820
2665,company
2666,resistance
2667,ngram
2668,zt
2669,isleft
2670,and
2671,stair
2672,1025
2673,language
2674,stus
2675,alist
2676,wenen
2677,zhiquyige
2678,7654321
2679,empt
2680,100003
2681,score
2682,sony
2683,digit
2684,text
2685,percentji
2686,ascii
2687,qiwangleft
2688,pave
2689,021033
2690,zuoxia
2691,tmpch
2692,trees
2693,asd
2694,value
2695,feirun
2696,recp
2697,rst
2698,countn
2699,lineset
2700,mf
2701,ypath
2702,discription
2703,1000010098
2704,laptop
2705,tstruct
2706,upside
2707,distances
2708,zeyu
2709,daycounting
2710,kind
2711,ts
2712,sf
2713,xue
2714,ylf
2715,jh
2716,ran
2717,identifier
2718,xlength
2719,147
2720,11161
2721,yue
2722,wang
2723,lastnumer
2724,relativeness
2725,disassemle
2726,331
2727,elder
2728,tan
2729,4999
2730,load
2731,oho
2732,long
2733,at
2734,huu
2735,faulttimes
2736,zuok
2737,xixue
2738,65536
2739,tolower
2740,00613018
2741,qismall
2742,1300012854
2743,entry
2744,grades
2745,1100013020
2746,mystrrchr
2747,xzsd
2748,20110102
2749,suml
2750,statistic
2751,sorts
2752,ncout
2753,tn
2754,qimchengji
2755,7157
2756,nly
2757,10139
2758,nprintf
2759,course
2760,princeyou
2761,1200012819
2762,ini
2763,shurudeshu
2764,files
2765,cen
2766,isright
2767,fsort
2768,205
2769,acde
2770,28969
2771,1300012917
2772,wzy
2773,ranke
2774,moto
2775,marr
2776,nanshengao
2777,wer
2778,npower
2779,foul
2780,nno
2781,fit
2782,saintseiya
2783,counted
2784,reverses
2785,piont
2786,xj
2787,99999
2788,longtime
2789,airconditionerranking
2790,dxs
2791,ceil
2792,chinese
2793,shousuo
2794,strd
2795,minadr
2796,kn
2797,rdays
2798,xnumer
2799,isoushu
2800,ox
2801,jay
2802,ack
2803,aacute
2804,3600
2805,dltnumer
2806,sumlank
2807,explain
2808,countspace
2809,unreliale
2810,ispunct
2811,1200012943
2812,scr
2813,juzhenxiaojian
2814,aff
2815,hell
2816,compare
2817,007
2818,plus
2819,508
2820,zhengzhengshu
2821,si
2822,641
2823,endt
2824,tlast
2825,nz
2826,lenst
2827,10011
2828,should
2829,63534
2830,ethen
2831,88
2832,027
2833,cent
2834,resort
2835,fan
2836,8888888
2837,sunshine
2838,fxd
2839,smalln
2840,file
2841,lues
2842,sel
2843,jiegou
2844,initialized
2845,header
2846,qldy
2847,idolder
2848,inda
2849,kj
2850,aver
2851,dcs
2852,joyan
2853,qun
2854,srow
2855,kcjd
2856,cege
2857,jdzh
2858,1200012899
2859,shrink
2860,suspend
2861,kccj
2862,software
2863,josafe
2864,777
2865,20100
2866,kk
2867,nanhai
2868,inv
2869,summax
2870,yiming
2871,newstrp
2872,inum
2873,suoyous
2874,ques
2875,monthtemp
2876,tempnum
2877,endmonth
2878,larger
2879,desc
2880,cancer
2881,rem
2882,pdz
2883,choice
2884,iaozhi
2885,daycount
2886,rowrow
2887,jsh
2888,pri
2889,oemp
2890,ita
2891,authour
2892,judgment
2893,839
2894,youngid
2895,20120924
2896,jul
2897,maxindex
2898,opqrst
2899,pupils
2900,wtf
2901,arrays
2902,1000012753
2903,gal
2904,gender
2905,xiaolie
2906,friendcode
2907,othf
2908,aaac
2909,heping
2910,pnum
2911,dev
2912,locate
2913,tiecount
2914,tj
2915,8260
2916,improve
2917,frac
2918,163
2919,1110
2920,reh
2921,145
2922,scoreclass
2923,stup
2924,stdafx
2925,anynumer
2926,npurpose
2927,1062
2928,1000012786
2929,xfen
2930,nannv
2931,reek
2932,99999999
2933,eny
2934,119
2935,unreal
2936,alo
2937,lieh
2938,pailie
2939,wd
2940,inta
2941,maxperson
2942,comment
2943,has
2944,piao
2945,wam
2946,exscore
2947,lenx
2948,nthrow
2949,dtmax
2950,arrow
2951,rule
2952,sdw
2953,monkeynum
2954,analyse
2955,sheng
2956,zfc
2957,availe
2958,900
2959,rkt
2960,dz
2961,duanwenpaixu
2962,case
2963,egrave
2964,mstop
2965,1200012916
2966,513
2967,gir
2968,official
2969,las
2970,sumjd
2971,flagk
2972,fixed
2973,iwide
2974,sqrtf
2975,523
2976,cola
2977,300
2978,qing
2979,nummale
2980,shuliang
2981,paic
2982,1100012450
2983,lasty
2984,nanshu
2985,kingf
2986,16
2987,recursive
2988,fakes
2989,intime
2990,shuru
2991,power
2992,995
2993,direct
2994,fenjie
2995,alfa
2996,reorder
2997,1300012965
2998,djl
2999,09143
3000,chech
3001,shuz
3002,1200012777
3003,ide
3004,puts
3005,55555555555555555555
3006,flagg
3007,ntemp
3008,gnu
3009,femalecount
3010,sign
3011,judgement
3012,10041
3013,maxlength
3014,lentemp
3015,45
3016,dayx
3017,dates
3018,feionacci
3019,xaca
3020,youngest
3021,option
3022,ctu
3023,dota
3024,ais
3025,price
3026,99006
3027,goto
3028,zhuan
3029,eiren
3030,sit
3031,aifang
3032,iswest
3033,ijiaozifu
3034,passday
3035,way
3036,fgra
3037,arrang
3038,chazhi
3039,detach
3040,isprimeits
3041,liemin
3042,719
3043,12821
3044,senex
3045,szresult
3046,mic
3047,resu
3048,guahao
3049,ptree
3050,danchi
3051,touk
3052,asend
3053,tmpfirst
3054,julishi
3055,tool
3056,rights
3057,11101
3058,hang
3059,sick
3060,twei
3061,zs
3062,stan
3063,programmingiscool
3064,chmap
3065,xunhuan
3066,opl
3067,task
3068,counts
3069,create
3070,namem
3071,final
3072,muti
3073,egl
3074,suc
3075,lic
3076,ceyan
3077,285
3078,averge
3079,132
3080,933
3081,szsh
3082,acer
3083,zfa
3084,31469
3085,hein
3086,sasas
3087,qians
3088,judgenum
3089,leng
3090,lsx
3091,horses
3092,1300012733
3093,feio
3094,numcas
3095,ord
3096,jmax
3097,1100012799
3098,5001
3099,handinhand
3100,99003
3101,refresh
3102,complex
3103,papernum
3104,sumyear
3105,10001
3106,numshi
3107,nd
3108,fmod
3109,st
3110,zkhao
3111,vip
3112,rightc
3113,strsu
3114,823
3115,roomold
3116,duru
3117,colm
3118,mx
3119,iaocha
3120,941
3121,shml
3122,258
3123,indexa
3124,pfhe
3125,1089
3126,float
3127,mice
3128,freq
3129,demo
3130,12721
3131,details
3132,maxfreq
3133,wrt
3134,ndd
3135,example
3136,divide
3137,iday
3138,jiaogucaixiang
3139,reright
3140,aq
3141,daodan
3142,memory
3143,sixty
3144,exponent
3145,647
3146,leapyearend
3147,smallm
3148,43
3149,sky
3150,know
3151,average
3152,c
3153,71855
3154,shime
3155,diong
3156,dc
3157,hed
3158,1000012747
3159,mad
3160,1900
3161,competition
3162,asket
3163,haha
3164,august
3165,qs
3166,zyk
3167,aaaaaaaaaaaaaaaaaaaaaa
3168,lina
3169,ansc
3170,319
3171,jw
3172,301
3173,oldest
3174,ackup
3175,countr
3176,clr
3177,180
3178,liuyi
3179,lcount
3180,numd
3181,thorse
3182,post
3183,ganu
3184,apr
3185,wor
3186,rkpegx
3187,ttttt
3188,pic
3189,colmin
3190,devotion
3191,11111
3192,anpingcj
3193,30010
3194,aaaaaaaaaaaaaaa
3195,array
3196,factorial
3197,004
3198,maxscholar
3199,333333
3200,linelength
3201,lxsc
3202,minline
3203,mokuahihua
3204,yunum
3205,segmentation
3206,20005
3207,309
3208,maxi
3209,tule
3210,urenshi
3211,passer
3212,cutr
3213,minf
3214,radix
3215,elements
3216,icecream
3217,dnum
3218,ssss
3219,1200017623
3220,szj
3221,157
3222,segment
3223,ten
3224,1300012887
3225,releft
3226,take
3227,outtimech
3228,error
3229,pairs
3230,runfou
3231,433
3232,509
3233,0507
3234,else
3235,treak
3236,maxapple
3237,room
3238,jishudanzeng
3239,doulemonth
3240,countmonth
3241,lk
3242,type
3243,printarray
3244,endy
3245,pandshfwc
3246,curstr
3247,err
3248,519
3249,numf
3250,addd
3251,tas
3252,eats
3253,rowsx
3254,orderd
3255,20111115
3256,360
3257,rpl
3258,sgh
3259,zl
3260,city
3261,nmale
3262,getdist
3263,1100017658
3264,dudu
3265,intf
3266,inform
3267,dist
3268,elem
3269,tstr
3270,const
3271,qujians
3272,index
3273,oud
3274,1100012762
3275,dui
3276,hoih
3277,leftpos
3278,duoianxingyouxi
3279,zhaoren
3280,314050
3281,temperary
3282,suite
3283,773
3284,2836
3285,sma
3286,nomean
3287,nlo
3288,crys
3289,youian
3290,otn
3291,credits
3292,lxx
3293,wek
3294,checkcol
3295,whom
3296,defense
3297,minj
3298,sanchushuzu
3299,findmax
3300,fangpingguo
3301,writter
3302,475
3303,shehui
3304,dsy
3305,xfzh
3306,ranka
3307,patyoung
3308,650
3309,63325
3310,30000
3311,gong
3312,sti
3313,headp
3314,distence
3315,sex
3316,lo
3317,pixel
3318,leave
3319,solutionnumer
3320,undersix
3321,least
3322,huisu
3323,wordi
3324,1948
3325,fuckme
3326,gain
3327,ranges
3328,qmfx
3329,flagj
3330,eeeee
3331,111202
3332,lld
3333,ilong
3334,2005
3335,zhishu
3336,daytale
3337,nichi
3338,mppx
3339,yyyy
3340,youshangzuoxiaianli
3341,sizea
3342,want
3343,013
3344,ppt
3345,getint
3346,ce
3347,1000012817
3348,nk
3349,jusum
3350,rtian
3351,10000
3352,nline
3353,1000012870
3354,theme
3355,cint
3356,yidong
3357,sustitute
3358,rokenjump
3359,shuzuwenti
3360,le
3361,shuhao
3362,zxfjd
3363,iggest
3364,minmax
3365,pyyaoer
3366,dai
3367,counting
3368,lag
3369,colxx
3370,thf
3371,pscore
3372,xs
3373,arc
3374,diminish
3375,1300062706
3376,disdence
3377,topcheck
3378,mycmp
3379,current
3380,pointy
3381,mcpos
3382,563
3383,inpnum
3384,toj
3385,maxname
3386,names
3387,zonshu
3388,1100012617
3389,lenrpl
3390,defines
3391,xq
3392,233
3393,daytal
3394,catenate
3395,cday
3396,tiaoshi
3397,nwin
3398,12023
3399,tg
3400,elm
3401,cu
3402,383
3403,pay
3404,102
3405,divth
3406,statejj
3407,capture
3408,chunk
3409,zhang
3410,nov
3411,56
3412,def
3413,statej
3414,exercise
3415,3900
3416,cunrulingyishuzu
3417,dunction
3418,funcofc
3419,qaj
3420,907
3421,seeererrtttre
3422,zouyan
3423,1300012920
3424,4600
3425,qtt
3426,des
3427,erweishuzuyoushangzuoxiaianli
3428,processing
3429,maxhui
3430,static
3431,show
3432,fire
3433,answer
3434,hexavxavxyeh
3435,zheng
3436,2560
3437,period
3438,attention
3439,wl
3440,wrongans
3441,enm
3442,sor
3443,34070
3444,style
3445,arow
3446,principal
3447,contriution
3448,halamadrid
3449,monthx
3450,7233
3451,rememer
3452,ins
3453,fuxi
3454,again
3455,candidate
3456,strw
3457,diverse
3458,aout
3459,half
3460,03
3461,stuid
3462,xc
3463,misspointer
3464,masu
3465,winner
3466,prim
3467,cookie
3468,217
3469,1300012896
3470,minimum
3471,mianzhi
3472,pain
3473,wordlen
3474,gcc
3475,trans
3476,point
3477,mlcp
3478,oct
3479,zacdefghijklmnopqrstuvwxyz
3480,diaolic
3481,averg
3482,countd
3483,al
3484,let
3485,dancidao
3486,getmarried
3487,zdh
3488,pjjd
3489,strnu
3490,genhao
3491,chartonum
3492,suv
3493,maxd
3494,nmonkey
3495,ry
3496,chushu
3497,xuefenjd
3498,change
3499,zhengchangxueya
3500,acddcaa
3501,ctr
3502,ahead
3503,twice
3504,shortlen
3505,tprintf
3506,shifou
3507,yintao
3508,edi
3509,910
3510,nfemale
3511,newnum
3512,lastx
3513,area
3514,211
3515,printout
3516,edday
3517,qinpengzifu
3518,duogekonggexianglin
3519,peidui
3520,tal
3521,dayofwn
3522,guolv
3523,502
3524,mds
3525,itime
3526,draw
3527,tmt
3528,null
3529,which
3530,zhaozuixiao
3531,3
3532,email
3533,dqf
3534,99
3535,studenta
3536,gradesum
3537,79
3538,1000010549
3539,receive
3540,sprintf
3541,som
3542,998
3543,arrdis
3544,31221
3545,1300012893
3546,tailw
3547,cls
3548,minapple
3549,ifirst
3550,szlig
3551,devided
3552,that
3553,xt
3554,evennumer
3555,ookelong
3556,hhh
3557,checkr
3558,parctice
3559,numx
3560,cd
3561,pseudo
3562,rows
3563,932
3564,zjl
3565,eichushu
3566,theta
3567,stum
3568,junior
3569,minl
3570,mxlen
3571,idyoung
3572,leapy
3573,nwritten
3574,shuzhangya
3575,prin
3576,thirteen
3577,shuzujishu
3578,idinter
3579,wri
3580,dayofy
3581,tag
3582,fda
3583,tsyx
3584,33
3585,nansheng
3586,maxline
3587,delt
3588,panduannianling
3589,patold
3590,peking
3591,sumn
3592,with
3593,sword
3594,paren
3595,maxs
3596,xiaohang
3597,ednyear
3598,xfjd
3599,ijiao
3600,perc
3601,243
3602,zhongshu
3603,late
3604,calday
3605,t
3606,intline
3607,lunhuan
3608,rq
3609,1000012889
3610,quotient
3611,icirc
3612,kids
3613,discussed
3614,ren
3615,delspace
3616,premax
3617,integers
3618,tsum
3619,detc
3620,corner
3621,100050
3622,mping
3623,001
3624,convertorto
3625,xiv
3626,disk
3627,oynum
3628,10610
3629,myarray
3630,sumy
3631,zdj
3632,yige
3633,deletes
3634,octoer
3635,angle
3636,passed
3637,zipi
3638,suanshi
3639,checkhui
3640,firstline
3641,head
3642,daysto
3643,figure
3644,1000012888
3645,mir
3646,851
3647,sup
3648,8250
3649,fre
3650,everydoule
3651,scol
3652,startp
3653,rn
3654,17058
3655,realreal
3656,reordera
3657,shortword
3658,nancom
3659,printf
3660,xiangshu
3661,797
3662,isrn
3663,where
3664,tushu
3665,make
3666,tianjigood
3667,getarr
3668,han
3669,rackets
3670,aapp
3671,1999
3672,full
3673,1000012895
3674,cntm
3675,20101219
3676,allocate
3677,ctz
3678,az
3679,quick
3680,lan
3681,won
3682,youmeiyou
3683,othr
3684,195
3685,osix
3686,dim
3687,nyears
3688,sjd
3689,most
3690,class
3691,wy
3692,daysofm
3693,counter
3694,shortest
3695,1000012733
3696,1000062703
3697,kid
3698,302
3699,oi
3700,usage
3701,here
3702,give
3703,qwr
3704,lian
3705,intergratedexercise
3706,twin
3707,425
3708,suo
3709,nday
3710,maxcount
3711,nhuiwen
3712,fst
3713,mdy
3714,7000000
3715,clk
3716,113
3717,shows
3718,0601
3719,igorsamll
3720,tmpc
3721,strlw
3722,strin
3723,sickman
3724,pz
3725,8482
3726,acirc
3727,151
3728,countdate
3729,totalc
3730,nhttp
3731,qmcy
3732,leijicishu
3733,hand
3734,1000010334
3735,yuanx
3736,pyear
3737,shelf
3738,rstr
3739,lm
3740,sushu
3741,flood
3742,105
3743,389
3744,geshu
3745,wayne
3746,shortist
3747,pa
3748,dl
3749,hzz
3750,patricia
3751,ymd
3752,1000012835
3753,10301
3754,zeronum
3755,suword
3756,taoyan
3757,1016
3758,kjj
3759,numofdel
3760,multiply
3761,john
3762,fcmp
3763,printsqr
3764,newa
3765,pep
3766,oper
3767,wman
3768,zuich
3769,sumcredit
3770,00073
3771,ijk
3772,media
3773,9998
3774,tiren
3775,761
3776,howmany
3777,reg
3778,ianhao
3779,leastapple
3780,1300012809
3781,huiw
3782,322
3783,dnapair
3784,sunum
3785,mplace
3786,huiwenzichuan
3787,macr
3788,pmin
3789,88888888
3790,77
3791,cprx
3792,1200012906
3793,tu
3794,plates
3795,cool
3796,hug
3797,1000012806
3798,12162
3799,an
3800,71
3801,kwei
3802,08
3803,tmemset
3804,once
3805,imat
3806,142
3807,val
3808,dat
3809,operation
3810,fruit
3811,376
3812,entire
3813,ge
3814,delsp
3815,ow
3816,1100012996
3817,lengths
3818,xmain
3819,survival
3820,225
3821,fnq
3822,feonaqi
3823,pdata
3824,records
3825,prep
3826,zonghe
3827,snt
3828,pingyi
3829,6541
3830,together
3831,nextx
3832,11061
3833,surname
3834,thraway
3835,insert
3836,653
3837,66
3838,pt
3839,tempstr
3840,reps
3841,incresing
3842,169
3843,anmul
3844,zushu
3845,hours
3846,missle
3847,911
3848,iexcl
3849,131029
3850,gentle
3851,yi
3852,link
3853,quj
3854,person
3855,1321
3856,yy
3857,ano
3858,edit
3859,newstr
3860,hungry
3861,00160018
3862,weik
3863,rrw
3864,wenzi
3865,ptp
3866,frequency
3867,coding
3868,tianhorse
3869,money
3870,fel
3871,46000
3872,human
3873,ways
3874,numr
3875,ud
3876,de
3877,test
3878,process
3879,183
3880,ceshi
3881,strre
3882,1200012842
3883,197
3884,999
3885,makeup
3886,siianxingmianji
3887,att
3888,sump
3889,xpath
3890,interval
3891,structure
3892,ist
3893,size
3894,normal
3895,dstj
3896,share
3897,lensen
3898,45524
3899,1300012845
3900,ziji
3901,flight
3902,minh
3903,1000012916
3904,function
3905,chuanwei
3906,dispose
3907,forget
3908,oldren
3909,cacul
3910,exactly
3911,nmonth
3912,opposite
3913,sure
3914,pname
3915,kaoshiwuyali
3916,otime
3917,para
3918,zuichang
3919,2009
3920,distance
3921,1000012853
3922,ushirunnian
3923,meizi
3924,21003
3925,plu
3926,px
3927,joip
3928,ofauthor
3929,thir
3930,matching
3931,1
3932,store
3933,31999
3934,xac
3935,gjud
3936,ageold
3937,efficient
3938,nwhile
3939,cj
3940,strout
3941,iprt
3942,ifstream
3943,tall
3944,stream
3945,acd
3946,counta
3947,cy
3948,arrayin
3949,dingwei
3950,zhuanfu
3951,0109
3952,sj
3953,tempc
3954,descrption
3955,276
3956,waynumer
3957,mincol
3958,sg
3959,m
3960,atoten
3961,plalindrome
3962,cutnum
3963,193
3964,leavetime
3965,high
3966,marker
3967,303
3968,223
3969,xuu
3970,tcnt
3971,plen
3972,1000012825
3973,fei
3974,yyx
3975,jisuanlianggeriqijiandetianshu
3976,sumu
3977,fast
3978,outf
3979,adress
3980,issn
3981,mount
3982,jianyan
3983,lee
3984,pnt
3985,fzh
3986,1300062804
3987,tempx
3988,1100012931
3989,toprint
3990,numz
3991,maxstart
3992,xinie
3993,1100012915
3994,femaleindex
3995,002
3996,nfy
3997,stj
3998,01745329
3999,ody
4000,nom
4001,yyy
4002,logic
4003,seg
4004,racket
4005,tmpl
4006,117
4007,26
4008,1000012712
4009,ke
4010,depthx
4011,columns
4012,char
4013,sp
4014,namef
4015,lench
4016,moving
4017,swst
4018,tcout
4019,oj
4020,lock
4021,lyx
4022,leiji
4023,reaktimes
4024,stp
4025,paohuihaoduo
4026,60000
4027,act
4028,55
4029,stale
4030,tpoint
4031,chufa
4032,numig
4033,dvdd
4034,qlast
4035,oo
4036,xiangguan
4037,duma
4038,noperson
4039,hsx
4040,stuno
4041,tohead
4042,827
4043,xiangchaday
4044,hack
4045,531
4046,condition
4047,00004
4048,1251
4049,remaining
4050,no
4051,whoknow
4052,strcpy
4053,endtime
4054,startday
4055,239
4056,chr
4057,sjl
4058,nchildren
4059,nf
4060,tmqw
4061,lst
4062,istr
4063,343
4064,sortdata
4065,ll
4066,quicksort
4067,rens
4068,quot
4069,ruy
4070,24219328703703703703703703703704
4071,yuanshijiangxue
4072,xin
4073,igrave
4074,zf
4075,numold
4076,wordsright
4077,20111123
4078,seekmax
4079,enl
4080,jump
4081,nauthor
4082,378073652
4083,zzzdnum
4084,hy
4085,distriution
4086,ask
4087,shuo
4088,zhu
4089,enemy
4090,mother
4091,1300012996
4092,lentha
4093,89
4094,ending
4095,54321
4096,daynum
4097,each
4098,357
4099,whether
4100,srage
4101,strupr
4102,countsum
4103,distants
4104,65500
4105,130
4106,liuquan
4107,xieru
4108,tolen
4109,judgea
4110,eiyong
4111,mintime
4112,angong
4113,mycomp
4114,party
4115,empty
4116,rt
4117,powerm
4118,4181
4119,compose
4120,re
4121,arrange
4122,nfile
4123,use
4124,filter
4125,gs
4126,ug
4127,isrunnian
4128,mxk
4129,nint
4130,il
4131,409
4132,scolar
4133,pdss
4134,65534
4135,3005
4136,lentem
4137,zongping
4138,jiangxuejing
4139,shiji
4140,gene
4141,lstack
4142,lets
4143,63359
4144,qimochengji
4145,getchar
4146,university
4147,deug
4148,106
4149,isleapyear
4150,indi
4151,prolems
4152,198
4153,atl
4154,tx
4155,zhujile
4156,plusa
4157,00000001
4158,femail
4159,fenj
4160,11311
4161,reach
4162,jiewei
4163,ppre
4164,right
4165,calapp
4166,xo
4167,ctruth
4168,zhsh
4169,gpoint
4170,stdard
4171,dicide
4172,thirteenth
4173,william
4174,stevie
4175,practice
4176,oversix
4177,58
4178,hua
4179,primejud
4180,szzz
4181,pearl
4182,fanzhi
4183,agrades
4184,theoy
4185,192
4186,preheight
4187,tlen
4188,zfcsc
4189,ratecoil
4190,tmatrix
4191,justexp
4192,ya
4193,game
4194,ttail
4195,lis
4196,1936
4197,wei
4198,leta
4199,1200018209
4200,scorec
4201,1300012948
4202,alph
4203,purpose
4204,demax
4205,421
4206,yesorno
4207,huixing
4208,sday
4209,proce
4210,there
4211,liucheng
4212,outside
4213,programme
4214,diatances
4215,leg
4216,shouwei
4217,situation
4218,rol
4219,6765
4220,visual
4221,520
4222,fe
4223,xunzhao
4224,fff
4225,270
4226,modularized
4227,cg
4228,reaks
4229,trig
4230,distant
4231,2981
4232,author
4233,cco
4234,powe
4235,judgep
4236,wfast
4237,sumh
4238,xi
4239,ele
4240,classscore
4241,zfcsz
4242,dx
4243,angel
4244,63537
4245,curent
4246,mname
4247,u
4248,pstr
4249,fg
4250,remonth
4251,everyone
4252,findoutmax
4253,leftward
4254,259
4255,inputandoutput
4256,xunhuanyidong
4257,32
4258,knowncount
4259,ntitle
4260,eg
4261,npc
4262,ldist
4263,deno
4264,count
4265,xh
4266,pku
4267,rid
4268,cde
4269,findpair
4270,latest
4271,eknown
4272,qh
4273,since
4274,kr
4275,leny
4276,pressure
4277,trigger
4278,contin
4279,knowme
4280,2934
4281,orz
4282,lef
4283,acsii
4284,shuu
4285,szhe
4286,panduan
4287,sentencelength
4288,00948344
4289,nn
4290,disyear
4291,005
4292,solution
4293,addup
4294,sh
4295,oldid
4296,septemer
4297,results
4298,vic
4299,tempw
4300,1003
4301,dna
4302,tento
4303,eee
4304,yiduan
4305,huai
4306,mouse
4307,eng
4308,nend
4309,to
4310,affairs
4311,463
4312,refer
4313,maxpi
4314,review
4315,seperate
4316,176
4317,remi
4318,paper
4319,numc
4320,tou
4321,mingci
4322,919
4323,ptemp
4324,29999
4325,false
4326,qmax
4327,turnack
4328,then
4329,yuxian
4330,kingtail
4331,minute
4332,lcase
4333,lala
4334,cross
4335,1300012722
4336,men
4337,step
4338,control
4339,jun
4340,press
4341,endp
4342,chuan
4343,1234
4344,ratio
4345,pointsum
4346,western
4347,tsu
4348,qizhong
4349,jishuqi
4350,means
4351,shijingzhi
4352,isnum
4353,xf
4354,186
4355,1000012724
4356,yuanlen
4357,zz
4358,nowlen
4359,000005
4360,isalnum
4361,ookinf
4362,tfunction
4363,aux
4364,zuyan
4365,startm
4366,1921
4367,deuce
4368,stat
4369,pig
4370,dqm
4371,memcmp
4372,391
4373,void
4374,nmi
4375,ookinfo
4376,jizu
4377,lenyuan
4378,acol
4379,fstream
4380,ign
4381,godah
4382,longa
4383,auth
4384,montale
4385,029
4386,xiaol
4387,maxall
4388,theight
4389,putin
4390,letf
4391,marry
4392,isjishu
4393,1200012848
4394,2010
4395,feiunaqishulie
4396,227
4397,rela
4398,numa
4399,lenzfc
4400,wend
4401,jidian
4402,spaced
4403,szpand
4404,log
4405,62
4406,lenw
4407,mrun
4408,init
4409,1300012814
4410,tianhead
4411,512
4412,athena
4413,getprime
4414,failure
4415,04043
4416,anyil
4417,neiu
4418,outing
4419,tens
4420,tianjiright
4421,1106
4422,cz
4423,hands
4424,ookst
4425,rmonth
4426,examine
4427,repeatnumer
4428,nvcom
4429,1051
4430,ptail
4431,10288
4432,sortold
4433,yahoo
4434,root
4435,graed
4436,fz
4437,lf
4438,liang
4439,as
4440,gr
4441,1000010573
4442,tailk
4443,downsort
4444,syzw
4445,ttime
4446,equ
4447,item
4448,jan
4449,mingliu
4450,32770
4451,gra
4452,tempa
4453,replacement
4454,dividend
4455,jianshu
4456,dofm
4457,avoid
4458,scorem
4459,qingkaifayigezishangerxiademokuaihuachengxuyongyuwanchengyixiarenwu
4460,1000012872
4461,twidth
4462,2002
4463,ns
4464,taila
4465,131108
4466,201311291
4467,dayofyear
4468,strandard
4469,999999999
4470,pam
4471,453
4472,sys
4473,maxmin
4474,ta
4475,iofmax
4476,profile
4477,1500
4478,getword
4479,isturn
4480,arr
4481,told
4482,33333
4483,dancishu
4484,zichuan
4485,kevin
4486,256
4487,gai
4488,poss
4489,271
4490,829
4491,185
4492,asc
4493,compfemale
4494,sen
4495,1006
4496,12365
4497,487
4498,460000
4499,release
4500,endw
4501,recycle
4502,knowed
4503,1200012840
4504,28700
4505,xz
4506,strtmp
4507,1200012964
4508,parallel
4509,sec
4510,mth
4511,0000001
4512,findnum
4513,1200062706
4514,cqa
4515,kaiguandiandeng
4516,673
4517,capital
4518,s
4519,lsu
4520,nannum
4521,hyd
4522,worse
4523,model
4524,writerest
4525,1300017657
4526,lonth
4527,chuanran
4528,manage
4529,endm
4530,aw
4531,aptr
4532,scholar
4533,igthree
4534,fehe
4535,dists
4536,mread
4537,dfs
4538,613
4539,estoy
4540,outa
4541,gaoxiao
4542,shuzhi
4543,8952
4544,taoshio
4545,n
4546,sweet
4547,sto
4548,knowwho
4549,flagy
4550,6592
4551,rcreate
4552,zpjd
4553,lenstr
4554,14741
4555,pw
4556,partition
4557,ncret
4558,core
4559,shown
4560,nfin
4561,yaode
4562,acteria
4563,pout
4564,nleap
4565,20121116
4566,linked
4567,nelse
4568,ndfor
4569,apple
4570,1200012917
4571,deltayear
4572,xroute
4573,rezero
4574,firstzero
4575,shuzi
4576,50
4577,fh
4578,iu
4579,find
4580,ccc
4581,hong
4582,1000012837
4583,recur
4584,suffixlen
4585,renum
4586,00000
4587,mas
4588,quene
4589,1104
4590,young
4591,sumrun
4592,mostnum
4593,1100012944
4594,ydd
4595,365
4596,inde
4597,1300012861
4598,flagstr
4599,telse
4600,200
4601,gether
4602,shuju
4603,attack
4604,pick
4605,pzfc
4606,98
4607,years
4608,panie
4609,rnfe
4610,tries
4611,124
4612,20101116
4613,ystem
4614,qut
4615,lunhun
4616,111111
4617,46636
4618,ttemp
4619,changed
4620,jia
4621,yearmonth
4622,1100012816
4623,36774
4624,237
4625,pc
4626,congdadaoxiao
4627,erweishuzuzuoshangyouxiaianli
4628,checknum
4629,depature
4630,ak
4631,zxc
4632,lale
4633,12219
4634,shunum
4635,ileny
4636,fourth
4637,97
4638,yuwen
4639,pta
4640,cmax
4641,lstr
4642,advnum
4643,111019
4644,isrun
4645,stacol
4646,tcount
4647,shorter
4648,63541
4649,8516
4650,ansf
4651,1057
4652,55969
4653,del
4654,julipaixu
4655,tao
4656,cccddddaann
4657,1050
4658,nv
4659,calcu
4660,renshu
4661,mint
4662,unseennum
4663,178
4664,ing
4665,relativeto
4666,maxid
4667,317
4668,44
4669,getone
4670,1200062705
4671,cadre
4672,equals
4673,pf
4674,22222222222222222222
4675,longist
4676,tihuanwei
4677,data
4678,or
4679,nextmax
4680,legal
4681,tiantail
4682,sk
4683,stdli
4684,sorting
4685,fenpingguo
4686,owner
4687,1000062710
4688,tmtj
4689,lmon
4690,illegal
4691,aslow
4692,9876
4693,pingguo
4694,aaaaaaaaaaaaaa
4695,compmale
4696,peek
4697,qimocj
4698,74
4699,xxcol
4700,proliferate
4701,difference
4702,tofegin
4703,1998
4704,delect
4705,leapyears
4706,tra
4707,diyi
4708,ijudge
4709,omarc
4710,100001
4711,000001
4712,603
4713,qfirst
4714,nstring
4715,nfz
4716,1300012848
4717,1100012914
4718,ac
4719,ipt
4720,calculate
4721,ccedil
4722,wp
4723,tarenshi
4724,getcmp
4725,xiaoxiecishu
4726,avex
4727,fffffff
4728,flaga
4729,useful
4730,minnum
4731,348
4732,4550
4733,hehe
4734,1100012920
4735,conditioner
4736,fs
4737,xulie
4738,wordnum
4739,zouan
4740,1090
4741,nmain
4742,goofy
4743,cora
4744,restart
4745,comma
4746,maji
4747,306
4748,lenreplace
4749,initialday
4750,pup
4751,wid
4752,292
4753,13190
4754,manual
4755,nsame
4756,1300012989
4757,dingzuo
4758,sssss
4759,edyear
4760,158
4761,swit
4762,idy
4763,strudent
4764,salforever
4765,grade
4766,jr
4767,324235
4768,peop
4769,1200012808
4770,formula
4771,nstudent
4772,span
4773,youngpat
4774,clocks
4775,szt
4776,earliest
4777,redundant
4778,daysetween
4779,xad
4780,sed
4781,phoenix
4782,nmin
4783,erchashu
4784,sustr
4785,must
4786,qualification
4787,input
4788,rankc
4789,zongjd
4790,showpos
4791,rie
4792,inputresult
4793,heade
4794,ste
4795,startyear
4796,sty
4797,460
4798,tempmax
4799,arpha
4800,iflet
4801,song
4802,199
4803,changing
4804,wincount
4805,rate
4806,naaacccd
4807,ackward
4808,10035
4809,qoint
4810,alei
4811,gc
4812,required
4813,xingq
4814,tar
4815,tru
4816,04999999
4817,diamond
4818,wu
4819,spot
4820,frnd
4821,pdjg
4822,ref
4823,headq
4824,yline
4825,fn
4826,national
4827,1415926535898
4828,nafter
4829,isidentifor
4830,away
4831,denominator
4832,deal
4833,cmpsmall
4834,houchenglong
4835,hmale
4836,characters
4837,islegal
4838,tans
4839,tempid
4840,oldn
4841,wangwei
4842,maxnum
4843,article
4844,xuefen
4845,palin
4846,660
4847,sc
4848,ptianfast
4849,group
4850,tuichu
4851,4500
4852,addition
4853,lpa
4854,indim
4855,adjust
4856,pindex
4857,allmiss
4858,rowmin
4859,funcofd
4860,target
4861,user
4862,daopai
4863,nplus
4864,yiyang
4865,finder
4866,leftc
4867,aright
4868,tiansmall
4869,yahr
4870,1200012921
4871,nyear
4872,1300012990
4873,511
4874,ugly
4875,6556
4876,kej
4877,msort
4878,8111111114
4879,shzu
4880,din
4881,except
4882,column
4883,mate
4884,pk
4885,ngrids
4886,ylength
4887,12345
4888,89999
4889,kmp
4890,342
4891,298
4892,caiquan
4893,genxia
4894,marks
4895,those
4896,eth
4897,weng
4898,cnum
4899,shuruzifuchuan
4900,iohead
4901,vege
4902,10500
4903,correctly
4904,manh
4905,zuoye
4906,renminizhifu
4907,maxstr
4908,ooka
4909,tfloat
4910,wusy
4911,chac
4912,ss
4913,57
4914,heada
4915,pulse
4916,whatmark
4917,lalala
4918,slowq
4919,021075
4920,up
4921,ageaove
4922,112170
4923,tochar
4924,minofr
4925,tianshucha
4926,xingming
4927,7000
4928,whole
4929,ty
4930,lanks
4931,tumor
4932,575
4933,houwang
4934,1000012729
4935,281
4936,wenpeng
4937,1300012921
4938,tap
4939,ysf
4940,factoring
4941,decdec
4942,675
4943,ansline
4944,lans
4945,shrinking
4946,146097
4947,sumxuefen
4948,lfi
4949,classgrade
4950,diaohuan
4951,rmin
4952,th
4953,lie
4954,1000012795
4955,un
4956,iscorrect
4957,jianfa
4958,enh
4959,1100012829
4960,210306
4961,310
4962,etj
4963,already
4964,qimomoni
4965,tv
4966,lshu
4967,2890
4968,transformation
4969,1011171
4970,div
4971,zong
4972,e
4973,fomer
4974,pinput
4975,curlen
4976,fim
4977,january
4978,zmax
4979,rrr
4980,wusi
4981,ismatrix
4982,inversed
4983,seektop
4984,fq
4985,93
4986,txt
4987,http
4988,isusedt
4989,35
4990,404
4991,paixu
4992,1100012760
4993,doules
4994,casenum
4995,qtl
4996,administrator
4997,dict
4998,ddz
4999,lresult
5000,child
5001,present
5002,eco
5003,remain
5004,ei
5005,juzhenguiling
5006,eloved
5007,ismax
5008,shortl
5009,dur
5010,toil
5011,sco
5012,fenmu
5013,colxia
5014,494
5015,nump
5016,jx
5017,yearday
5018,lunwen
5019,ncin
5020,changeplace
5021,nvsg
5022,mov
5023,peoplenumer
5024,5822
5025,delet
5026,percent
5027,zhizheng
5028,172
5029,ni
5030,grcla
5031,ppow
5032,100
5033,sole
5034,sumc
5035,yuany
5036,ave
5037,fanwei
5038,surface
5039,meet
5040,ag
5041,tree
5042,items
5043,ped
5044,trew
5045,kstart
5046,jiu
5047,141592
5048,wangge
5049,chin
5050,6000
5051,snode
5052,qimofuxi
5053,1000094801
5054,8888
5055,dayoftheyear
5056,rejudge
5057,setup
5058,maleheight
5059,include
5060,20060311
5061,shy
5062,269
5063,prev
5064,20101208
5065,string
5066,nine
5067,tage
5068,tmove
5069,tianshu
5070,imz
5071,ann
5072,gath
5073,70000000
5074,minn
5075,newword
5076,qushu
5077,spaces
5078,1000012901
5079,hi
5080,enum
5081,1575
5082,moin
5083,put
5084,760
5085,zha
5086,zhaoxiong
5087,tsex
5088,22
5089,redo
5090,matrix
5091,chushihua
5092,jz
5093,fhd
5094,wh
5095,efficency
5096,done
5097,auther
5098,tqsort
5099,zu
5100,1200012839
5101,dhi
5102,seq
5103,rechange
5104,zjword
5105,spp
5106,164
5107,alength
5108,align
5109,1000012739
5110,say
5111,smallest
5112,deifne
5113,facevalue
5114,knows
5115,solver
5116,deta
5117,cnt
5118,0063018
5119,1000012846
5120,hangh
5121,three
5122,inout
5123,secmax
5124,doit
5125,3548776
5126,170657
5127,maxh
5128,tchar
5129,735
5130,wk
5131,k
5132,paian
5133,modify
5134,minum
5135,recording
5136,play
5137,stores
5138,1000012910
5139,tempmin
5140,cmark
5141,jugde
5142,gap
5143,integral
5144,1200012934
5145,sl
5146,rking
5147,hijack
5148,liter
5149,twhile
5150,8
5151,na
5152,shushu
5153,msees
5154,endi
5155,woofoo
5156,ianyuanshuzizhihe
5157,sim
5158,placeofoy
5159,mm
5160,kongge
5161,201
5162,chenji
5163,extra
5164,10630018
5165,qiwange
5166,200013
5167,computation
5168,dif
5169,hx
5170,getarea
5171,uy
5172,xlf
5173,record
5174,jdh
5175,qifast
5176,imfor
5177,sur
5178,99004
5179,cao
5180,isstu
5181,acnum
5182,1200012861
5183,ctt
5184,cominestr
5185,xiaoqu
5186,starow
5187,pymed
5188,lon
5189,card
5190,admin
5191,189
5192,tgoto
5193,inow
5194,zsz
5195,zongrenshu
5196,replen
5197,100010
5198,reproduction
5199,judgeh
5200,yk
5201,g
5202,050
5203,1200012894
5204,jch
5205,szs
5206,sumf
5207,nextday
5208,ercha
5209,sth
5210,235
5211,squar
5212,lqiwang
5213,pingfanghe
5214,dj
5215,xiu
5216,fangjungen
5217,division
5218,wuch
5219,299
5220,lengh
5221,isusedq
5222,188
5223,lzw
5224,sudu
5225,maxx
5226,11287
5227,1000012766
5228,resolve
5229,union
5230,newage
5231,hold
5232,order
5233,healthyperson
5234,stopskip
5235,temid
5236,height
5237,12858
5238,declaration
5239,12493
5240,getdata
5241,memset
5242,primes
5243,gh
5244,yuanxulie
5245,shihuijie
5246,1020
5247,firstout
5248,jiaohuan
5249,qpre
5250,100000000000000
5251,fangzi
5252,huiwen
5253,oths
5254,sanwei
5255,1963
5256,strs
5257,lsstr
5258,maxt
5259,come
5260,tarrival
5261,lael
5262,zqj
5263,resultweishu
5264,chm
5265,devide
5266,1000062701
5267,cdet
5268,hd
5269,km
5270,jjd
5271,divisile
5272,dawang
5273,1100012802
5274,0342
5275,testing
5276,look
5277,402
5278,alive
5279,strplus
5280,signed
5281,36
5282,pair
5283,shuxue
5284,ansn
5285,pianli
5286,1300012773
5287,qmpj
5288,lll
5289,fac
5290,haoan
5291,istrue
5292,xxs
5293,maxhang
5294,used
5295,500000
5296,xdzs
5297,857
5298,juzi
5299,1200018415
5300,1000010
5301,ent
5302,youxian
5303,wen
5304,3704
5305,jian
5306,checksu
5307,precision
5308,loaddata
5309,memo
5310,nprime
5311,produce
5312,schangdu
5313,readin
5314,tempqiwang
5315,lenow
5316,minstr
5317,hala
5318,highcal
5319,formal
5320,scholarship
5321,said
5322,zhuzhe
5323,1100012927
5324,timepoint
5325,dayetweendates
5326,pinyi
5327,secondmax
5328,hangxiaojian
5329,xshe
5330,franklin
5331,lea
5332,392
5333,piece
5334,theleapyeardata
5335,2723
5336,rou
5337,aceeea
5338,qhorse
5339,putdata
5340,reference
5341,5010
5342,ting
5343,mean
5344,yuefen
5345,sutraction
5346,ysj
5347,monthp
5348,ray
5349,rowup
5350,nacddcaa
5351,207
5352,135
5353,mina
5354,proc
5355,maxlen
5356,1200012768
5357,do
5358,lower
5359,mdays
5360,minim
5361,1200012845
5362,1100012820
5363,1100
5364,isalpha
5365,maxk
5366,weight
5367,988
5368,numera
5369,split
5370,cot
5371,op
5372,maxstudent
5373,shinumer
5374,friends
5375,tk
5376,2100000000
5377,dis
5378,endl
5379,xinxulie
5380,checkrun
5381,pot
5382,sztwo
5383,zxq
5384,rizi
5385,games
5386,check
5387,nh
5388,0123
5389,1300012753
5390,xuehao
5391,meiyue
5392,atilde
5393,78
5394,10000001
5395,runyue
5396,alrscan
5397,h
5398,fao
5399,maxook
5400,gd
5401,negative
5402,stofwd
5403,00000000000000
5404,anormaly
5405,die
5406,rsu
5407,1000012750
5408,xff
5409,longwords
5410,125
5411,ismin
5412,cedil
5413,mrpos
5414,primenumer
5415,qsum
5416,imin
5417,jianji
5418,slkingxr
5419,38
5420,sxpl
5421,clscore
5422,929
5423,flow
5424,couts
5425,get
5426,631
5427,fenpei
5428,numquan
5429,98557
5430,relation
5431,jdsum
5432,ipart
5433,aft
5434,monkeyapple
5435,resi
5436,pause
5437,womanh
5438,elite
5439,stringrev
5440,patt
5441,your
5442,tangqinyi
5443,cntyiqian
5444,fir
5445,groupnum
5446,tem
5447,tnam
5448,prename
5449,7001
5450,icnt
5451,432
5452,rum
5453,adr
5454,cos
5455,mi
5456,4000
5457,peak
5458,month
5459,311
5460,appgrade
5461,fangfa
5462,00910049
5463,dream
5464,patriciaxiao
5465,request
5466,cost
5467,12
5468,nowp
5469,xuesheng
5470,finding
5471,weigh
5472,1000010538
5473,pgleft
5474,selected
5475,graphic
5476,maxword
5477,lenf
5478,edu
5479,noosix
5480,trun
5481,zifu
5482,shortstr
5483,2584
5484,imonth
5485,csum
5486,linelen
5487,tempint
5488,run
5489,comparison
5490,pian
5491,age
5492,memmove
5493,470
5494,delta
5495,factors
5496,isum
5497,521
5498,functions
5499,661
5500,squart
5501,slow
5502,2693
5503,ope
5504,ai
5505,lqzs
5506,wsj
5507,ji
5508,argc
5509,maxsum
5510,shandi
5511,rp
5512,minee
5513,maxans
5514,exclusion
5515,3000
5516,www
5517,isin
5518,sutdent
5519,rw
5520,geeker
5521,homwork
5522,17960
5523,getnum
5524,news
5525,random
5526,duoyu
5527,gndr
5528,wchangdu
5529,fk
5530,writer
5531,szf
5532,hangzuida
5533,ncase
5534,printarr
5535,cins
5536,floor
5537,12683
5538,famale
5539,scores
5540,getmemory
5541,pnew
5542,5
5543,evenly
5544,11
5545,rsen
5546,exist
5547,pmove
5548,rowstart
5549,mouth
5550,tsym
5551,maxfre
5552,zj
5553,daysum
5554,hanshudigui
5555,seek
5556,relative
5557,32000
5558,moneyzong
5559,sqrt
5560,ascll
5561,points
5562,paohui
5563,hjz
5564,pqifast
5565,pad
5566,zhonglei
5567,cou
5568,cntf
5569,1100062709
5570,getstr
5571,rui
5572,yer
5573,muchang
5574,jiaohe
5575,pdj
5576,hungary
5577,jnow
5578,she
5579,fam
5580,1200012877
5581,emax
5582,nas
5583,242
5584,outputdata
5585,tep
5586,pratise
5587,346
5588,range
5589,1000100
5590,strqp
5591,replacestring
5592,firstfri
5593,wod
5594,ornot
5595,tur
5596,square
5597,ks
5598,os
5599,heap
5600,applenumer
5601,feionaqishulie
5602,ansj
5603,126
5604,maxright
5605,kkk
5606,zuozhe
5607,when
5608,10265
5609,smin
5610,container
5611,qimolianxi
5612,zuocha
5613,downlen
5614,315
5615,res
5616,wr
5617,971
5618,rmaxno
5619,eat
5620,110
5621,yout
5622,leapyearmonth
5623,toshi
5624,cpy
5625,emin
5626,free
5627,1000012907
5628,sweltering
5629,yte
5630,adet
5631,947
5632,typefu
5633,toten
5634,kong
5635,1100012886
5636,third
5637,setfill
5638,rowdown
5639,god
5640,kuo
5641,passage
5642,ys
5643,zhengshuchangdu
5644,exi
5645,app
5646,maxchar
5647,246
5648,terp
5649,mtiaohuai
5650,tempq
5651,anses
5652,377
5653,23
5654,indata
5655,worduff
5656,fourfun
5657,achar
5658,10243
5659,pym
5660,farest
5661,lnum
5662,213
5663,sqare
5664,adds
5665,result
5666,alle
5667,ori
5668,rc
5669,myaverage
5670,jue
5671,mfind
5672,tempt
5673,hourmax
5674,tom
5675,1300012993
5676,1000012915
5677,numofwords
5678,clascore
5679,es
5680,checkprime
5681,otilde
5682,ptmp
5683,cright
5684,sumr
5685,zongshu
5686,pao
5687,kuohao
5688,co
5689,rear
5690,0000000001
5691,mdisp
5692,20131204
5693,szsmall
5694,fuc
5695,lss
5696,tail
5697,inputx
5698,daxiezimu
5699,anum
5700,lunwenshu
5701,tmpa
5702,11000
5703,tianjie
5704,187
5705,xiaoshuchangdu
5706,pclist
5707,maxpopu
5708,indiv
5709,xiao
5710,elong
5711,da
5712,czxck
5713,requeue
5714,inline
5715,divi
5716,asum
5717,155
5718,tailt
5719,ltr
5720,273
5721,tpos
5722,schtot
5723,xisheng
5724,smn
5725,om
5726,fer
5727,0025
5728,ffind
5729,jt
5730,pp
5731,laoren
5732,ken
5733,emnum
5734,tifstream
5735,5200
5736,lend
5737,289
5738,1300012957
5739,229
5740,mnlen
5741,0063008
5742,iyear
5743,887
5744,strlwr
5745,diy
5746,xxrow
5747,ntilde
5748,upm
5749,missile
5750,silver
5751,temptime
5752,cutstr
5753,cocltail
5754,1200012775
5755,nummin
5756,20110915
5757,keyword
5758,439
5759,1000012844
5760,cntpingnian
5761,timespace
5762,section
5763,spica
5764,366
5765,findmin
5766,101
5767,dayyear
5768,jdhe
5769,59
5770,yidegeshu
5771,em
5772,theotherside
5773,addlist
5774,qi
5775,save
5776,228
5777,nm
5778,lz
5779,ranking
5780,zhh
5781,165561
5782,jiaodu
5783,profitold
5784,taken
5785,disy
5786,susu
5787,conuter
5788,100009
5789,zjz
5790,ndmax
5791,hangmin
5792,jji
5793,380
5794,pingshi
5795,tmpsum
5796,hon
5797,maxm
5798,qiwangright
5799,sumtimes
5800,pi
5801,yone
5802,321
5803,lenthw
5804,tian
5805,road
5806,jf
5807,tok
5808,150556
5809,tot
5810,yearleft
5811,netter
5812,veral
5813,doing
5814,fin
5815,168
5816,643
5817,md
5818,lpr
5819,ade
5820,dangle
5821,vtj
5822,5000000
5823,8000
5824,jiafa
5825,arrsort
5826,aaaaaaaaaaaaaaaaaaaaaaaaaaaa
5827,397
5828,ools
5829,lmonth
5830,stujo
5831,nianlin
5832,cmc
5833,rehead
5834,tconst
5835,arrive
5836,468
5837,tdate
5838,dd
5839,ifanliang
5840,119395
5841,grow
5842,psum
5843,49998
5844,xingqiji
5845,shiie
5846,highest
5847,ridx
5848,det
5849,finalg
5850,11029
5851,isinsert
5852,nun
5853,qsort
5854,tmpdis
5855,dk
5856,xie
5857,strlen
5858,dyx
5859,rec
5860,yu
5861,mr
5862,tijk
5863,1000012752
5864,peakx
5865,account
5866,zhongdian
5867,5775
5868,xdis
5869,sumdays
5870,yen
5871,finalmarks
5872,retv
5873,1049
5874,chaina
5875,endall
5876,ride
5877,ianlishuzu
5878,djh
5879,efor
5880,anjigongxian
5881,xd
5882,reval
5883,phead
5884,allday
5885,hezi
5886,oolean
5887,51000
5888,hen
5889,zongjidian
5890,int
5891,juice
5892,50002
5893,findl
5894,1024
5895,coma
5896,zhuanhua
5897,eijianshu
5898,qw
5899,population
5900,youngs
5901,terms
5902,zonggong
5903,qie
5904,close
5905,1600
5906,000000
5907,zhongjian
5908,itery
5909,tfirst
5910,06
5911,qyx
5912,sums
5913,cassie
5914,update
5915,fzheng
5916,horse
5917,opkp
5918,answerx
5919,vis
5920,maxtime
5921,iloveearth
5922,ghus
5923,ithird
5924,gaodu
5925,numary
5926,ip
5927,ignore
5928,outputk
5929,checkend
5930,120001791
5931,printnum
5932,lai
5933,1200012823
5934,hh
5935,64
5936,uu
5937,agean
5938,image
5939,judger
5940,whichday
5941,tlets
5942,pjcj
5943,asdddee
5944,llist
5945,flags
5946,gl
5947,discard
5948,disx
5949,imformation
5950,1100012959
5951,zfsz
5952,agem
5953,skipstring
5954,pu
5955,172800
5956,aimed
5957,namemax
5958,match
5959,mw
5960,mg
5961,sumxuefenjidian
5962,aaaaaaaaaaaaaaaaaac
5963,ghi
5964,fstr
5965,yn
5966,ida
5967,shangyigejiedian
5968,10002
5969,sequence
5970,outn
5971,street
5972,leftracket
5973,reward
5974,qium
5975,series
5976,fm
5977,slot
5978,ddate
5979,yhead
5980,just
5981,tprintx
5982,twe
5983,childnum
5984,stro
5985,assess
5986,getch
5987,nwriter
5988,dshw
5989,tscanf
5990,deltay
5991,jiwei
5992,gpai
5993,thi
5994,98000
5995,lev
5996,friday
5997,shanchu
5998,children
5999,strncpy
6000,please
6001,judgeegin
6002,renshi
6003,tailq
6004,stay
6005,zimu
6006,climax
6007,sumx
6008,dividemin
6009,ingli
6010,carcelona
6011,shuzunv
6012,fen
6013,tfind
6014,110000
6015,tcpp
6016,ien
6017,10008
6018,jljl
6019,general
6020,1100012797
6021,tempheight
6022,yo
6023,indin
6024,hao
6025,maxw
6026,1613
6027,0000000000000000000000000000001
6028,etween
6029,1300012863
6030,ank
6031,zhouyn
6032,pin
6033,zmj
6034,245
6035,scanfing
6036,yuanchuan
6037,tue
6038,initializing
6039,maxone
6040,ngets
6041,tiaosheng
6042,zhuanhuawei
6043,front
6044,linofjuz
6045,zongxuefen
6046,eval
6047,42499
6048,zuidashu
6049,tdo
6050,endyear
6051,waiter
6052,che
6053,mc
6054,ina
6055,circle
6056,geweiyushu
6057,aca
6058,dayofweek
6059,659
6060,antitone
6061,pmonth
6062,cq
6063,lastp
6064,257
6065,classpoint
6066,com
6067,iq
6068,differences
6069,templast
6070,implementation
6071,101001
6072,findgirl
6073,reset
6074,istep
6075,190
6076,ama
6077,we
6078,thas
6079,fxiao
6080,3925
6081,003
6082,xiangtong
6083,jie
6084,findlen
6085,nfor
6086,platenum
6087,totc
6088,senior
6089,chaa
6090,word
6091,zw
6092,guan
6093,1200012904
6094,cr
6095,maopaopaixu
6096,shuchu
6097,headt
6098,xyz
6099,ehinds
6100,26137359
6101,z
6102,nreturn
6103,184
6104,diyigeshuziqianmianmeiyoukongge
6105,gugan
6106,gi
6107,foo
6108,115
6109,4951
6110,factorization
6111,lenyi
6112,visit
6113,prpl
6114,dancidaopai
6115,222222
6116,apples
6117,weish
6118,1301
6119,maxcol
6120,outlet
6121,lener
6122,py
6123,echo
6124,reversal
6125,realpart
6126,numout
6127,nums
6128,either
6129,triple
6130,peo
6131,nzs
6132,aring
6133,weit
6134,ncifang
6135,numwords
6136,ispr
6137,delete
6138,atcg
6139,1000001
6140,ymin
6141,607
6142,tofend
6143,1000012737
6144,elieve
6145,ew
6146,knowshim
6147,1222
6148,ifsushu
6149,tmid
6150,iterx
6151,newstu
6152,added
6153,rearrange
6154,sugg
6155,364
6156,tempj
6157,strrpl
6158,1000010179
6159,172486
6160,179
6161,shenyu
6162,347
6163,100004
6164,chuxian
6165,dayend
6166,691
6167,xia
6168,2146796
6169,1200012851
6170,qiufan
6171,800
6172,lt
6173,gue
6174,oow
6175,yiwei
6176,253
6177,pymg
6178,zifuchuan
6179,1300012960
6180,gave
6181,twenty
6182,yaotihuan
6183,elow
6184,minmin
6185,fil
6186,start
6187,floorx
6188,handshake
6189,temptianji
6190,1300012839
6191,femaleheight
6192,ncddc
6193,paixua
6194,xianshi
6195,methods
6196,tianjileft
6197,ana
6198,040
6199,jingdu
6200,speed
6201,strstr
6202,variales
6203,chosen
6204,gan
6205,integratedexercise
6206,germf
6207,10000000
6208,tc
6209,thisp
6210,lenofr
6211,acal
6212,2001
6213,sumrow
6214,wordl
6215,calarea
6216,50005
6217,1333
6218,mo
6219,peiyang
6220,307
6221,mweight
6222,outase
6223,yr
6224,upper
6225,rightcolumn
6226,dish
6227,304
6228,liangei
6229,enter
6230,125000
6231,tui
6232,20113
6233,indx
6234,osustr
6235,vice
6236,50001
6237,numnv
6238,aswap
6239,gpaii
6240,0
6241,2913
6242,610
6243,ackprint
6244,repetition
6245,wine
6246,rj
6247,mtime
6248,idx
6249,chengren
6250,sumw
6251,roke
6252,2800
6253,pd
6254,533
6255,2000
6256,ok
6257,guolvkongge
6258,ster
6259,seperated
6260,carrytem
6261,cloumn
6262,idold
6263,numers
6264,noo
6265,totalmemer
6266,244
6267,359
6268,hf
6269,numo
6270,1200016612
6271,40000000000
6272,disorder
6273,sn
6274,clearerr
6275,xuefenjidian
6276,conine
6277,tell
6278,shuzhang
6279,133
6280,many
6281,dayy
6282,1200012827
6283,2960
6284,onelv
6285,nouse
6286,feiwu
6287,1300012888
6288,td
6289,convertor
6290,igint
6291,repla
6292,read
6293,lahlah
6294,stu
6295,qwf
6296,arrey
6297,3050
6298,anaylse
6299,1000005
6300,kmin
6301,divisor
6302,1209
6303,0123456789
6304,letter
6305,rs
6306,2147483647
6307,166
6308,mail
6309,727
6310,yeah
6311,irev
6312,xinfan
6313,zch
6314,zuiduan
6315,calculation
6316,wprint
6317,tl
6318,sst
6319,cminno
6320,86
6321,noi
6322,comarr
6323,xueji
6324,minyinzi
6325,zzzz
6326,x
6327,tpre
6328,1997
6329,getarray
6330,3349
6331,oppo
6332,judgeline
6333,ryear
6334,hz
6335,ecol
6336,deltamax
6337,733
6338,tlc
6339,120
6340,tstrcpy
6341,stack
6342,progress
6343,plate
6344,jjl
6345,particular
6346,endday
6347,xingie
6348,youk
6349,2109
6350,igger
6351,indicator
6352,koe
6353,jieguo
6354,nifstream
6355,230
6356,296
6357,coun
6358,1000012856
6359,iko
6360,germs
6361,noft
6362,hudu
6363,mz
6364,mtx
6365,topw
6366,876
6367,wes
6368,averages
6369,relen
6370,master
6371,crea
6372,qd
6373,utt
6374,1100012972
6375,pycj
6376,shijifen
6377,dete
6378,juzhenianyuanhe
6379,lang
6380,111111111111
6381,lenout
6382,hei
6383,cul
6384,tjr
6385,hzy
6386,avg
6387,lenall
6388,lem
6389,188200
6390,tfp
6391,you
6392,encoding
6393,renming
6394,pchs
6395,mod
6396,sw
6397,dash
6398,inve
6399,enddate
6400,fstn
6401,sume
6402,daysleap
6403,9999999
6404,0630018
6405,zichang
6406,two
6407,maxmoney
6408,ath
6409,505
6410,1200012866
6411,office
6412,maopao
6413,lv
6414,home
6415,avejd
6416,art
6417,eve
6418,cccdeedccc
6419,2600
6420,getf
6421,acdefgjijklmnopqrstuvwxyz
6422,709
6423,leftx
6424,other
6425,20130927
6426,hea
6427,yidongshuzu
6428,10501
6429,infor
6430,20111019
6431,lhfjkasdhkfhkasdhfklahsdjkfhsdk
6432,alter
6433,atag
6434,121
6435,replaceword
6436,inits
6437,ru
6438,values
6439,one
6440,comp
6441,youngp
6442,aaaaaa
6443,mast
6444,dest
6445,stdudent
6446,xiaojian
6447,reduce
6448,dsti
6449,1200012791
6450,1000012896
6451,du
6452,25
6453,1100012986
6454,diaoyong
6455,10005
6456,123
6457,kl
6458,single
6459,tout
6460,strcopy
6461,gen
6462,sam
6463,fee
6464,usix
6465,findknot
6466,mum
6467,1000012767
6468,lth
6469,oldstr
6470,aids
6471,struct
6472,232
6473,srnum
6474,rhs
6475,210
6476,1300012757
6477,tmark
6478,zhaosushu
6479,ain
6480,286
6481,acki
6482,zhidao
6483,jieshu
6484,unevens
6485,29602496797311515892139198536684597615083776504688161069276314930161031480
6486,chengtizhong
6487,conditioni
6488,worker
6489,1300012745
6490,daizhuanhuandejingzhi
6491,chnum
6492,sort
6493,num
6494,shijian
6495,platenumer
6496,aug
6497,zongyear
6498,cho
6499,yp
6500,1957
6501,less
6502,huige
6503,heknows
6504,cutin
6505,tuzhi
6506,85
6507,huiwenshu
6508,36159
6509,shisushu
6510,aa
6511,tianji
6512,1100012895
6513,xnum
6514,medium
6515,movea
6516,1000012834
6517,ix
6518,sest
6519,isupper
6520,cold
6521,goal
6522,11096
6523,qz
6524,991
6525,scorechinese
6526,504
6527,anyi
6528,cf
6529,1073741824
6530,oddnum
6531,1300012725
6532,suma
6533,stn
6534,hello
6535,174
6536,sgl
6537,dropnum
6538,af
6539,alphaet
6540,feof
6541,numqian
6542,extre
6543,11500
6544,queue
6545,plink
6546,xqj
6547,dayprint
6548,outch
6549,lw
6550,push
6551,1206
6552,que
6553,some
6554,iquest
6555,sortprime
6556,cclen
6557,asdf
6558,endmark
6559,sdu
6560,20101215
6561,kd
6562,toz
6563,lty
6564,tianjisaima
6565,wm
6566,rowxx
6567,monkeyking
6568,757
6569,fangda
6570,10154
6571,found
6572,duration
6573,finally
6574,finalstr
6575,decision
6576,youngren
6577,zuoshang
6578,newid
6579,acdefghijklmnopqrstuvwxyz
6580,yishi
6581,tet
6582,gcd
6583,jacksont
6584,qislow
6585,evaluation
6586,throwed
6587,portation
6588,autour
6589,zds
6590,sx
6591,stdnt
6592,ava
6593,titoa
6594,xm
6595,warning
6596,commoninterger
6597,cre
6598,6666
6599,111110
6600,tleft
6601,lone
6602,revchk
6603,ttj
6604,sent
6605,ao
6606,1917
6607,rl
6608,egr
6609,4000000
6610,mac
6611,550
6612,stru
6613,egins
6614,ofsu
6615,24
6616,nletter
6617,nianling
6618,edp
6619,depart
6620,ski
6621,zm
6622,je
6623,sch
6624,zzdnum
6625,odds
6626,nmax
6627,sortarr
6628,isequal
6629,gram
6630,a
6631,xiajie
6632,turn
6633,orig
6634,faciliate
6635,iuml
6636,68
6637,80000
6638,tjj
6639,szline
6640,pch
6641,sz
6642,changdu
6643,5134
6644,guocheng
6645,nolank
6646,decompose
6647,typesetting
6648,gaiguo
6649,stra
6650,mountain
6651,maxage
6652,1200012948
6653,zjd
6654,starti
6655,alike
6656,szone
6657,strnl
6658,inp
6659,nonzero
6660,ulesort
6661,nstart
6662,tint
6663,1000012847
6664,loss
6665,sumcought
6666,cancel
6667,downp
6668,qsorta
6669,twopoint
6670,aea
6671,787
6672,tw
6673,miner
6674,345
6675,ig
6676,sentence
6677,aleft
6678,ia
6679,axis
6680,effective
6681,tq
6682,theo
6683,shuffle
6684,20588
6685,2820
6686,tfile
6687,novemer
6688,kcs
6689,ca
6690,dia
6691,timeout
6692,023
6693,malenum
6694,coutnoneg
6695,strncmp
6696,fanhuizhi
6697,kakutan
6698,401
6699,mem
6700,0500000
6701,yt
6702,czy
6703,foundation
6704,offi
6705,fclose
6706,intercept
6707,jiancha
6708,pptt
6709,hxprint
6710,11132
6711,fenjieyinshi
6712,per
6713,277
6714,resnum
6715,even
6716,zongjiangjin
6717,pdown
6718,zq
6719,xstp
6720,743
6721,3121
6722,lrep
6723,dcgs
6724,westen
6725,yf
6726,longword
6727,feii
6728,shengxu
6729,qmg
6730,endthisline
6731,realrate
6732,kongzhe
6733,longnum
6734,kuai
6735,sat
6736,yxj
6737,raced
6738,fact
6739,20131211
6740,vie
6741,success
6742,cntthisyear
6743,variale
6744,dnt
6745,nyes
6746,zsh
6747,pingychengji
6748,cue
6749,sumstr
6750,770
6751,fc
6752,oss
6753,all
6754,different
6755,ule
6756,iszs
6757,jg
6758,issushu
6759,dianju
6760,compiler
6761,01030018
6762,443972553
6763,fflag
6764,finaltest
6765,decade
6766,minindex
6767,601
6768,yiai
6769,zen
6770,tyy
6771,20101106
6772,counttest
6773,lenold
6774,tinput
6775,locks
6776,students
6777,80
6778,cal
6779,123321125775165561
6780,neptune
6781,lamp
6782,me
6783,141592653
6784,jumps
6785,tnum
6786,miny
6787,discriminant
6788,tah
6789,scholarships
6790,1200012878
6791,will
6792,tmd
6793,threelv
6794,xuefensum
6795,non
6796,iin
6797,1300012841
6798,1300012911
6799,numofchar
6800,fra
6801,lun
6802,587
6803,yaolen
6804,1511
6805,twolv
6806,1100012858
6807,credit
6808,012
6809,unrelated
6810,description
6811,1000012800
6812,ir
6813,aans
6814,nw
6815,desk
6816,lefts
6817,gaocheng
6818,notfull
6819,ylx
6820,ey
6821,leapn
6822,ansm
6823,100002
6824,116
6825,pe
6826,veget
6827,kinghead
6828,sumreward
6829,squarsum
6830,983
6831,ccme
6832,sfc
6833,ye
6834,wo
6835,topnum
6836,zff
6837,liezuixiao
6838,countor
6839,fi
6840,tuiwei
6841,display
6842,newhead
6843,maximum
6844,winneshaw
6845,sumlen
6846,gmm
6847,initiate
6848,jianli
6849,platforms
6850,liwenpeng
6851,hzfc
6852,evaluate
6853,moun
6854,asicc
6855,setapples
6856,memeset
6857,trace
6858,uff
6859,zhui
6860,1994
6861,avescore
6862,jiaogu
6863,feonacci
6864,may
6865,colum
6866,weilen
6867,algorithm
6868,divd
6869,applenum
6870,totalsum
6871,youxia
6872,genhaonei
6873,totaldays
6874,2736
6875,gradetogpa
6876,checking
6877,nit
6878,erdegeshu
6879,jude
6880,zhengfu
6881,deleted
6882,houyan
6883,ctn
6884,cxx
6885,xy
6886,chklst
6887,tmppoint
6888,d
6889,ee
6890,499
6891,gpa
6892,mhang
6893,deing
6894,posi
6895,transform
6896,any
6897,13248
6898,cleft
6899,append
6900,10
6901,lr
6902,sumlength
6903,never
6904,cishu
6905,cincd
6906,pca
6907,2910
6908,nj
6909,stc
6910,821
6911,adrs
6912,1000012761
6913,qqq
6914,appendnewnode
6915,1010
6916,fuction
6917,ap
6918,startpos
6919,1300012966
6920,953
6921,yinshu
6922,dw
6923,oage
6924,orip
6925,adv
6926,nest
6927,tisfirst
6928,cong
6929,numg
6930,summoney
6931,fifth
6932,mostein
6933,zx
6934,dsz
6935,cauclute
6936,wg
6937,xu
6938,tianjiad
6939,guiyi
6940,assessment
6941,mix
6942,shirley
6943,82
6944,12321
6945,charlen
6946,gis
6947,leftwall
6948,tempmonkey
6949,9999
6950,335
6951,pop
6952,fenli
6953,76
6954,zilen
6955,finaltime
6956,revision
6957,loopmon
6958,delmin
6959,win
6960,maxin
6961,pdis
6962,freopen
6963,2007
6964,zms
6965,49
6966,dao
6967,quo
6968,chart
6969,ditui
6970,west
6971,qizhonglianxi
6972,sqarea
6973,lulan
6974,1200012757
6975,rankgame
6976,version
6977,lch
6978,toscan
6979,panrun
6980,monkeys
6981,pdzimu
6982,luna
6983,duandian
6984,information
6985,require
6986,flaggy
6987,history
6988,mahe
6989,nvoid
6990,strtok
6991,antiom
6992,diyitian
6993,kkkk
6994,25000
6995,1300017667
6996,1000062708
6997,qkg
6998,standred
6999,lim
7000,times
7001,280
7002,sig
7003,searchjoint
7004,dayta
7005,cs
7006,outhead
7007,410
7008,ukong
7009,mgpa
7010,maxdis
7011,clock
7012,cur
7013,150
7014,sqar
7015,mat
7016,monthday
7017,differ
7018,um
7019,10003
7020,curstep
7021,pdrun
7022,aur
7023,around
7024,dstt
7025,slove
7026,1300012741
7027,countx
7028,xueke
7029,juzhen
7030,overflow
7031,manager
7032,monthq
7033,39583
7034,1200012979
7035,amin
7036,realize
7037,102400
7038,headr
7039,tof
7040,syear
7041,andian
7042,ensure
7043,liexiao
7044,judgeletter
7045,constant
7046,53
7047,chengji
7048,imon
7049,tiqushuzi
7050,chazhao
7051,drop
7052,extremely
7053,tempk
7054,ny
7055,xx
7056,scq
7057,xgd
7058,20130112
7059,erow
7060,aim
7061,charles
7062,728
7063,ju
7064,3200
7065,flg
7066,judgechar
7067,48
7068,eiti
7069,none
7070,putapp
7071,pzleft
7072,254
7073,modified
7074,derta
7075,mushi
7076,qfail
7077,tstu
7078,igname
7079,endj
7080,germ
7081,pstu
7082,issue
7083,1761
7084,freelist
7085,sizeof
7086,this
7087,162
7088,zongday
7089,ma
7090,eq
7091,longstr
7092,variance
7093,alp
7094,leesing
7095,10100
7096,premium
7097,sumnum
7098,mmmm
7099,newone
7100,huiche
7101,lc
7102,se
7103,outcome
7104,from
7105,findr
7106,zimuxiahuaxian
7107,pointx
7108,programming
7109,outline
7110,jisuanjuzhen
7111,diagonal
7112,tyear
7113,only
7114,cn
7115,1728
7116,wz
7117,xii
7118,argv
7119,numof
7120,creatlist
7121,881
7122,tt
7123,181
7124,colstart
7125,engage
7126,afx
7127,yz
7128,parenthesis
7129,qk
7130,jumping
7131,idaxiao
7132,009
7133,findat
7134,238
7135,stday
7136,ids
7137,qiwang
7138,letr
7139,859
7140,conversion
7141,largest
7142,myatoi
7143,ess
7144,guo
7145,mv
7146,llink
7147,tif
7148,arrival
7149,wordsnumer
7150,450
7151,localj
7152,ingren
7153,cunzai
7154,ad
7155,str
7156,1100012763
7157,alf
7158,373
7159,sss
7160,jrage
7161,countc
7162,ipa
7163,rowxia
7164,loap
7165,gewei
7166,numchange
7167,duan
7168,funk
7169,erchasu
7170,acdef
7171,reserve
7172,qinpengzifuchuan
7173,zzd
7174,sjdf
7175,strncat
7176,40000
7177,monc
7178,targets
7179,map
7180,jmin
7181,agetemp
7182,qsorting
7183,fault
7184,date
7185,functio
7186,1000010257
7187,dol
7188,2014
7189,meter
7190,peaky
7191,nstu
7192,zeus
7193,startcolumn
7194,lenth
7195,100020
7196,sorted
7197,higher
7198,minuend
7199,son
7200,ucount
7201,tong
7202,air
7203,wjud
7204,outoput
7205,fnum
7206,kaifang
7207,hanshu
7208,woman
7209,wangwenxia
7210,glen
7211,1200012895
7212,yjh
7213,wlen
7214,aint
7215,7
7216,ehind
7217,3000000000
7218,ture
7219,qu
7220,renren
7221,tiffany
7222,normalcnt
7223,are
7224,49999
7225,jas
7226,xjl
7227,ktail
7228,xhead
7229,gj
7230,answord
7231,daxiecishu
7232,sustring
7233,11229
7234,vv
7235,nu
7236,alltime
7237,182
7238,maxno
7239,josephus
7240,000000000000
7241,diyigeyuefen
7242,duishu
7243,setline
7244,sorta
7245,1200012829
7246,lena
7247,ffei
7248,hight
7249,five
7250,1000000000
7251,0654321
7252,975
7253,lost
7254,inverseitoa
7255,var
7256,linktail
7257,1204
7258,0000000000000
7259,20101126
7260,throw
7261,qishi
7262,equal
7263,hanzhe
7264,divides
7265,title
7266,ein
7267,lolo
7268,1000012797
7269,en
7270,smart
7271,decide
7272,zhizhenlianxi
7273,meng
7274,flu
7275,aka
7276,conflate
7277,1100016602
7278,longest
7279,nempty
7280,seline
7281,seconds
7282,po
7283,1000012741
7284,1935
7285,incase
7286,ptr
7287,shiwei
7288,ltian
7289,nametimes
7290,yg
7291,1000012815
7292,qiumax
7293,studen
7294,con
7295,agrave
7296,layout
7297,elsewai
7298,mizhi
7299,hospital
7300,fionacciarray
7301,part
7302,posr
7303,klast
7304,path
7305,yearegin
7306,pegin
7307,trail
7308,prea
7309,colright
7310,lda
7311,iii
7312,2006
7313,uild
7314,asus
7315,scoremath
7316,sheldon
7317,issu
7318,decomposition
7319,10211
7320,xg
7321,3285
7322,getstring
7323,mustput
7324,plusig
7325,2000000
7326,summ
7327,5050
7328,idlenth
7329,posl
7330,quaresum
7331,repl
7332,smile
7333,squ
7334,method
7335,973
7336,xiang
7337,131019
7338,219
7339,maxpt
7340,countdays
7341,13931
7342,distriute
7343,1000010191
7344,41
7345,tpurpose
7346,decline
7347,commonyearmonth
7348,pj
7349,numofleap
7350,iofmin
7351,oysign
7352,xmin
7353,sxcol
7354,jige
7355,minx
7356,tfor
7357,1300012728
7358,getout
7359,tz
7360,fill
7361,school
7362,167669
7363,effect
7364,auml
7365,amount
7366,kakutani
7367,monr
7368,numm
7369,fmax
7370,0001
7371,zhe
7372,styear
7373,initialize
7374,ione
7375,510
7376,anjipingyi
7377,calender
7378,susum
7379,move
7380,reuild
7381,deng
7382,conv
7383,400000000
7384,cmin
7385,qufen
7386,developing
7387,peach
7388,930
7389,00630018
7390,iao
7391,dots
7392,ganran
7393,mounth
7394,deletenum
7395,summin
7396,dell
7397,shift
7398,week
7399,sysf
7400,gold
7401,deadend
7402,wrd
7403,opp
7404,gole
7405,46641
7406,ool
7407,rankd
7408,poi
7409,allright
7410,iij
7411,century
7412,pint
7413,skip
7414,threehundred
7415,uup
7416,fema
7417,hc
7418,student
7419,sumk
7420,ill
7421,1300012713
7422,poj
7423,sumgpa
7424,13068
7425,longth
7426,so
7427,053
7428,tianfast
7429,statistics
7430,y
7431,ere
7432,pinshu
7433,350
7434,left
7435,wordc
7436,fun
7437,nchar
7438,countauthor
7439,jen
7440,lunar
7441,xiaoceyan
7442,reed
7443,pai
7444,jiyin
7445,fv
7446,minhang
7447,strat
7448,judy
7449,4850
7450,comine
7451,mon
7452,linknode
7453,doc
7454,1000012758
7455,ian
7456,positiveint
7457,kaishi
7458,ysc
7459,92
7460,nsm
7461,zmin
7462,crit
7463,sumg
7464,qiu
7465,slice
7466,ding
7467,46631
7468,ic
7469,tempname
7470,fame
7471,stuinfo
7472,751
7473,qin
7474,integer
7475,95
7476,210000
7477,dip
7478,1200012945
7479,makeanti
7480,fj
7481,recite
7482,original
7483,cycle
7484,acdefghijklmnopqrstuvwxy
7485,endrow
7486,12201210221111112
7487,sui
7488,reakways
7489,hign
7490,connect
7491,firsty
7492,tester
7493,17
7494,day
7495,128
7496,sumz
7497,raul
7498,2008
7499,dg
7500,famous
7501,strc
7502,xfh
7503,9876543
7504,reserved
7505,mona
7506,jtl
7507,shizi
7508,loci
7509,20131120
7510,dias
7511,fr
7512,555
7513,274
7514,jsum
7515,nhello
7516,tstrrev
7517,jiasheng
7518,xn
7519,dangerous
7520,pwin
7521,490
7522,tmpg
7523,smark
7524,location
7525,juzhenoss
7526,airjcy
7527,efore
7528,7032
7529,1300012855
7530,fgrade
7531,sumer
7532,startcol
7533,fis
7534,sequen
7535,secondline
7536,les
7537,280000
7538,mk
7539,fiv
7540,1000012763
7541,judgeyear
7542,normalstt
7543,disassamle
7544,smax
7545,uacute
7546,dayone
7547,1000010185
7548,leftrow
7549,rsx
7550,juzheng
7551,allwords
7552,tihuan
7553,llx
7554,8501
7555,p
7556,500
7557,jo
7558,key
7559,94
7560,maxau
7561,allocale
7562,jiangxuejin
7563,fd
7564,juzhenianyuan
7565,us
7566,hangshu
7567,cri
7568,zo
7569,nfunction
7570,wanyi
7571,isreverse
7572,clas
7573,judgerr
7574,reform
7575,12000
7576,spread
7577,multiplus
7578,kai
7579,209
7580,tranvert
7581,lecture
7582,inch
7583,prefix
7584,daysnotleap
7585,qujian
7586,important
7587,1430
7588,xing
7589,luo
7590,1000010586
7591,1300012719
7592,pan
7593,monone
7594,qipin
7595,liexiaojian
7596,alfalfa
7597,enmonth
7598,essaynum
7599,initialization
7600,typedef
7601,tand
7602,lixurong
7603,hill
7604,577
7605,linshi
7606,47
7607,894
7608,zdd
7609,ne
7610,nsz
7611,gei
7612,883
7613,shengao
7614,gongxian
7615,summonth
7616,pnext
7617,houzhui
7618,xxsz
7619,seps
7620,tresult
7621,thispoint
7622,200000
7623,1200012834
7624,cl
7625,jiang
7626,normally
7627,hu
7628,onefun
7629,extractnum
7630,nsg
7631,jend
7632,100100
7633,20131113
7634,127
7635,sha
7636,tianjis
7637,chain
7638,220
7639,fio
7640,squs
7641,cor
7642,fero
7643,dijige
7644,grids
7645,distf
7646,cstring
7647,330
7648,ggg
7649,dy
7650,eof
7651,ershi
7652,jhsz
7653,id
7654,75
7655,0106
7656,11095
7657,100030
7658,charnum
7659,tje
7660,dig
7661,minlength
7662,qiig
7663,167
7664,tmat
7665,1000012774
7666,jin
7667,1100013230
7668,oacute
7669,34
7670,63
7671,olds
7672,doule
7673,cathering
7674,006
7675,lined
7676,aut
7677,infect
7678,1000012900
7679,wcn
7680,qwif
7681,pq
7682,downwall
7683,pro
7684,sxrow
7685,pla
7686,finish
7687,547
7688,atol
7689,printresult
7690,mstr
7691,flag
7692,choose
7693,2013
7694,aircy
7695,putstr
7696,lank
7697,710
7698,ordf
7699,tozero
7700,smal
7701,lengthx
7702,reaktime
7703,out
7704,tol
7705,revstr
7706,247
7707,15000
7708,557
7709,tunsigned
7710,downr
7711,202
7712,sv
7713,qiwa
7714,ata
7715,charaters
7716,100500
7717,topjudge
7718,20101031
7719,shehuimingliu
7720,ywx
7721,gmax
7722,stmonth
7723,sush
7724,54
7725,ytwo
7726,why
7727,panel
7728,copy
7729,shj
7730,waste
7731,charu
7732,20111012
7733,cap
7734,rowset
7735,yxl
7736,20121024
7737,them
7738,1200
7739,fold
7740,dayr
7741,1300012844
7742,thesis
7743,fout
7744,gy
7745,highestpos
7746,2222
7747,pom
7748,miao
7749,jidianzhihe
7750,00000000000
7751,ycp
7752,studio
7753,girl
7754,1000062705
7755,tstring
7756,sho
7757,deltaday
7758,67630
7759,nimei
7760,82273847
7761,winnum
7762,words
7763,ysfwt
7764,detmonth
7765,fifty
7766,zui
7767,laji
7768,firstx
7769,1597
7770,xpy
7771,oldjianji
7772,499500
7773,fanlian
7774,icount
7775,daymonth
7776,maxpoint
7777,defined
7778,sourse
7779,nl
7780,ghl
7781,nproframmer
7782,200000000
7783,caozuo
7784,every
7785,shu
7786,homework
7787,zhouyan
7788,ucirc
7789,ncreat
7790,kingma
7791,implied
7792,nax
7793,10006
7794,ookno
7795,putout
7796,checklen
7797,gedui
7798,qime
7799,hypot
7800,xun
7801,top
7802,sumd
7803,10009
7804,checkline
7805,could
7806,question
7807,kuosan
7808,invert
7809,ind
7810,1000010400
7811,mwj
7812,2505
7813,using
7814,inputcount
7815,teenage
7816,5823
7817,standard
7818,hws
7819,linemin
7820,suffix
7821,1200012858
7822,intochar
7823,findm
7824,1100012857
7825,sqr
7826,zhoyan
7827,cmpdoule
7828,isnot
7829,shuwei
7830,initarray
7831,maxhour
7832,mycompare
7833,tri
7834,pdshuzi
7835,aprt
7836,strr
7837,367
7838,mystr
7839,jishu
7840,isecond
7841,yearolder
7842,oslash
7843,fromz
7844,isnt
7845,cutc
7846,outtime
7847,kill
7848,444
7849,tdepature
7850,dissq
7851,side
7852,lanjie
7853,chd
7854,hometown
7855,nvsheng
7856,father
7857,sca
7858,lg
7859,qzlx
7860,tgt
7861,napple
7862,lingo
7863,return
7864,numin
7865,fight
7866,plow
7867,tp
7868,alpha
7869,20111102
7870,1000012809
7871,ample
7872,hmin
7873,vs
7874,jackson
7875,250
7876,v
7877,cream
7878,relocateapples
7879,pound
7880,caaaaaaaaaaaaaaaaaa
7881,anti
7882,ouml
7883,rlt
7884,med
7885,wangshiheng
7886,liu
7887,diji
7888,righta
7889,tlong
7890,gp
7891,fenpg
7892,parameter
7893,excit
7894,staw
7895,special
7896,jiangj
7897,euml
7898,restday
7899,22524
7900,vec
7901,1200012888
7902,logofa
7903,fah
7904,love
7905,nprint
7906,xiaiao
7907,meide
7908,ttempt
7909,separation
7910,indexx
7911,300000
7912,hfe
7913,dashu
7914,elig
7915,pst
7916,zai
7917,previous
7918,ltwo
7919,daiding
7920,1267650600228229401496703205376
7921,chang
7922,true
7923,07
7924,touq
7925,choices
7926,is
7927,inputy
7928,et
7929,dump
7930,huanzhe
7931,1300017623
7932,811
7933,32217
7934,ae
7935,linkhead
7936,celerity
7937,scale
7938,usa
7939,minr
7940,zhengshu
7941,lord
7942,src
7943,212
7944,nt
7945,lefty
7946,mlc
7947,help
7948,stad
7949,00000000
7950,rownow
7951,cutsign
7952,inverse
7953,deltamonth
7954,1200012941
7955,artical
7956,egg
7957,nofwd
7958,mus
7959,nextpoint
7960,force
7961,findday
7962,lar
7963,dirx
7964,zhengli
7965,sq
7966,am
7967,worda
7968,1011
7969,primep
7970,12198
7971,sumangel
7972,10050
7973,raquo
7974,mmax
7975,enr
7976,1000012845
7977,uf
7978,65535
7979,wenzipaian
7980,col
7981,13141
7982,ishw
7983,minvalue
7984,stre
7985,xuse
7986,shiheshu
7987,dec
7988,qjdz
7989,ice
7990,hsu
7991,91
7992,ctl
7993,ri
7994,jidianhe
7995,cntrunnian
7996,28
7997,ifind
7998,timess
7999,wt
8000,stam
8001,fionacci
8002,stdout
8003,not
8004,een
8005,daoz
8006,kc
8007,1100012822
8008,maxj
8009,ottom
8010,approval
8011,definition
8012,l
8013,zjy
8014,hm
8015,district
8016,temphead
8017,toi
8018,tox
8019,posa
8020,261
8021,1000010449
8022,huiwei
8023,limit
8024,female
8025,monkey
8026,jfc
8027,houzi
8028,round
8029,zerocol
8030,element
8031,lxiao
8032,za
8033,176505
8034,photo
8035,panduansushu
8036,mao
8037,cont
8038,equalhorse
8039,minw
8040,1415926
8041,lreplace
8042,wrh
8043,ilv
8044,onus
8045,10010
8046,mid
8047,fking
8048,701
8049,shanchuyuansu
8050,206
8051,dan
8052,elongs
8053,khead
8054,81
8055,np
8056,jpy
8057,destroy
8058,totalday
8059,hg
8060,restr
8061,pm
8062,indexmin
8063,di
8064,yx
8065,pulished
8066,types
8067,coutnum
8068,cin
8069,ol
8070,startdate
8071,iuiu
8072,namespace
8073,los
8074,appetite
8075,however
8076,3243
8077,fjys
8078,1111
8079,48888
8080,gu
8081,tcen
8082,house
8083,exile
8084,275
8085,pausecnt
8086,eacute
8087,last
8088,fuzhu
8089,ltoa
8090,sieve
8091,leap
8092,pqilow
8093,involution
8094,hook
8095,263
8096,yjl
8097,anpin
8098,138
8099,maxman
8100,truth
8101,90000
8102,sa
8103,yl
8104,cpp
8105,shuzu
8106,simida
8107,va
8108,slen
8109,zhou
8110,printer
8111,1017
8112,lesson
8113,production
8114,ink
8115,addressy
8116,exam
8117,sections
8118,hefa
8119,fanc
8120,ngf
8121,slv
8122,zip
8123,0017
8124,patients
8125,reads
8126,testfj
8127,ep
8128,keep
8129,parse
8130,1000012855
8131,malloc
8132,statements
8133,live
8134,flagp
8135,1990
8136,1000010548
8137,stmp
8138,kuan
8139,xl
8140,175
8141,css
8142,ming
8143,103
8144,youngindex
8145,10201
8146,1200012772
8147,numet
8148,4
8149,meiwei
8150,gt
8151,known
8152,tmpsecond
8153,oston
8154,rank
8155,areo
8156,into
8157,chengrenili
8158,50010
8159,csx
8160,essay
8161,cjl
8162,jum
8163,937
8164,zxf
8165,dijit
8166,jiawei
8167,ro
8168,qian
8169,zozo
8170,enff
8171,arg
8172,yinru
8173,guyu
8174,product
8175,define
8176,1000012711
8177,treturn
8178,coordinate
8179,xmax
8180,1200012837
8181,541
8182,iscadre
8183,puma
8184,mcmp
8185,683
8186,sta
8187,dcl
8188,ph
8189,fo
8190,startrow
8191,replaced
8192,getline
8193,highflag
8194,maxpos
8195,prac
8196,daysa
8197,after
8198,calendar
8199,491
8200,nssg
8201,hanoi
8202,pr
8203,smon
8204,inputtime
8205,ppatient
8206,inside
8207,lennumsmall
8208,montho
8209,cdna
8210,ookn
8211,useless
8212,enyear
8213,nscanf
8214,wee
8215,hwss
8216,puanduan
8217,can
8218,intput
8219,prname
8220,rennian
8221,cmpf
8222,677
8223,zy
8224,jianwei
8225,continuous
8226,recognize
8227,min
8228,jdkfjdsjfks
8229,ql
8230,lose
8231,251
8232,1000012725
8233,frag
8234,por
8235,cout
8236,wester
8237,academy
8238,mny
8239,getnuma
8240,zero
8241,yacute
8242,toy
8243,kuohaoout
8244,maxnumer
8245,leapyearstart
8246,xlyi
8247,shengming
8248,503
8249,findout
8250,ck
8251,tstart
8252,904
8253,lookfor
8254,chongfu
8255,xuanzhe
8256,judge
8257,30302
8258,max
8259,inter
8260,plist
8261,pg
8262,479
8263,4600000
8264,1300012712
8265,100007
8266,addv
8267,plusdzs
8268,1300062805
8269,findpoint
8270,185530
8271,prediction
8272,nixu
8273,249
8274,needdel
8275,everynum
8276,multi
8277,feman
8278,10593
8279,1300012786
8280,ww
8281,tgra
8282,13831
8283,lengthch
8284,mergesort
8285,desend
8286,hai
8287,offset
8288,uplen
8289,tgets
8290,than
8291,isprime
8292,numfemale
8293,qianshou
8294,yixu
8295,totalfromfirstday
8296,itemp
8297,004003
8298,pn
8299,jaji
8300,rnd
8301,ishui
8302,10400
8303,leapyear
8304,yroute
8305,mte
8306,clearprime
8307,zhengchang
8308,replace
8309,sol
8310,ackj
8311,jiance
8312,fulllen
8313,maintoo
8314,dayofw
8315,cast
8316,of
8317,maxwriter
8318,auto
8319,pga
8320,hw
8321,endd
8322,later
8323,shuziuchong
8324,zhuyan
8325,maxmax
8326,pointlong
8327,86400
8328,temporary
8329,00000000032
8330,sun
8331,grapes
8332,700000
8333,153
8334,sina
8335,clength
8336,hangl
8337,419
8338,xiangguanyue
8339,forward
8340,tpi
8341,newroom
8342,headi
8343,1300012934
8344,in
8345,amp
8346,tzhong
8347,oushu
8348,oom
8349,remainder
8350,isfirst
8351,eff
8352,qiang
8353,suan
8354,justin
8355,67
8356,daytwo
8357,yearp
8358,mincolumn
8359,87
8360,marka
8361,origin
8362,tempage
8363,fenfa
8364,nif
8365,tck
8366,world
8367,sumax
8368,1300017687
8369,eps
8370,wangyinzhi
8371,kongtiaopaiming
8372,numan
8373,1886
8374,152
8375,cida
8376,<SPECIAL>