0,UNIT_KIND
1,DECL
2,DECL_STMT
3,INIT
4,EXPR
5,EXPR_STMT
6,COMMENT
7,CALL
8,CONTROL
9,INCR
10,NONE
11,VARIABLE
12,FUNCTION
13,FUNCTION_DECL
14,CONSTRUCTOR
15,CONSTRUCTOR_DECL
16,DESTRUCTOR
17,DESTRUCTOR_DECL
18,MACRO
19,SINGLE_MACRO
20,NULLOPERATOR
21,ENUM_DEFN
22,ENUM_DECL
23,GLOBAL_ATTRIBUTE
24,PROPERTY_ACCESSOR
25,PROPERTY_ACCESSOR_DECL
26,EXPRESSION
27,CLASS_DEFN
28,CLASS_DECL
29,UNION_DEFN
30,UNION_DECL
31,STRUCT_DEFN
32,STRUCT_DECL
33,INTERFACE_DEFN
34,INTERFACE_DECL
35,ACCESS_REGION
36,USING
37,OPERATOR_FUNCTION
38,OPERATOR_FUNCTION_DECL
39,EVENT
40,PROPERTY
41,ANNOTATION_DEFN
42,GLOBAL_TEMPLATE
43,UNIT
44,TART_ELEMENT_TOKEN
45,NOP
46,STRING
47,CHAR
48,LITERAL
49,BOOLEAN
50,NULL
51,COMPLEX
52,OPERATOR
53,MODIFIER
54,NAME
55,ONAME
56,CNAME
57,TYPE
58,TYPEPREV
59,CONDITION
60,BLOCK
61,PSEUDO_BLOCK
62,INDEX
63,ENUM
64,ENUM_DECLARATION
65,IF_STATEMENT
66,TERNARY
67,THEN
68,ELSE
69,ELSEIF
70,WHILE_STATEMENT
71,DO_STATEMENT
72,FOR_STATEMENT
73,FOREACH_STATEMENT
74,FOR_CONTROL
75,FOR_INITIALIZATION
76,FOR_CONDITION
77,FOR_INCREMENT
78,FOR_LIKE_CONTROL
79,EXPRESSION_STATEMENT
80,FUNCTION_CALL
81,DECLARATION_STATEMENT
82,DECLARATION
83,DECLARATION_INITIALIZATION
84,DECLARATION_RANGE
85,RANGE
86,GOTO_STATEMENT
87,CONTINUE_STATEMENT
88,BREAK_STATEMENT
89,LABEL_STATEMENT
90,LABEL
91,SWITCH
92,CASE
93,DEFAULT
94,FUNCTION_DEFINITION
95,FUNCTION_DECLARATION
96,LAMBDA
97,FUNCTION_LAMBDA
98,FUNCTION_SPECIFIER
99,RETURN_STATEMENT
100,PARAMETER_LIST
101,PARAMETER
102,KRPARAMETER_LIST
103,KRPARAMETER
104,ARGUMENT_LIST
105,ARGUMENT
106,PSEUDO_PARAMETER_LIST
107,INDEXER_PARAMETER_LIST
108,CLASS
109,CLASS_DECLARATION
110,STRUCT
111,STRUCT_DECLARATION
112,UNION
113,UNION_DECLARATION
114,DERIVATION_LIST
115,PUBLIC_ACCESS
116,PUBLIC_ACCESS_DEFAULT
117,PRIVATE_ACCESS
118,PRIVATE_ACCESS_DEFAULT
119,PROTECTED_ACCESS
120,PROTECTED_ACCESS_DEFAULT
121,MEMBER_INIT_LIST
122,MEMBER_INITIALIZATION_LIST
123,MEMBER_INITIALIZATION
124,CONSTRUCTOR_DEFINITION
125,CONSTRUCTOR_DECLARATION
126,DESTRUCTOR_DEFINITION
127,DESTRUCTOR_DECLARATION
128,FRIEND
129,CLASS_SPECIFIER
130,TRY_BLOCK
131,CATCH_BLOCK
132,FINALLY_BLOCK
133,THROW_STATEMENT
134,THROW_SPECIFIER
135,THROW_SPECIFIER_JAVA
136,TEMPLATE
137,GENERIC_ARGUMENT
138,GENERIC_ARGUMENT_LIST
139,TEMPLATE_PARAMETER
140,TEMPLATE_PARAMETER_LIST
141,GENERIC_PARAMETER
142,GENERIC_PARAMETER_LIST
143,TYPEDEF
144,ASM
145,MACRO_CALL
146,SIZEOF_CALL
147,EXTERN
148,NAMESPACE
149,USING_DIRECTIVE
150,DIRECTIVE
151,ATOMIC
152,STATIC_ASSERT_STATEMENT
153,GENERIC_SELECTION
154,GENERIC_SELECTOR
155,GENERIC_ASSOCIATION_LIST
156,GENERIC_ASSOCIATION
157,ALIGNAS
158,DECLTYPE
159,CAPTURE
160,LAMBDA_CAPTURE
161,NOEXCEPT
162,TYPENAME
163,ALIGNOF
164,TYPEID
165,SIZEOF_PACK
166,ENUM_CLASS
167,ENUM_CLASS_DECLARATION
168,REF_QUALIFIER
169,SIGNAL_ACCESS
170,FOREVER_STATEMENT
171,EMIT_STATEMENT
172,CPP_DIRECTIVE
173,CPP_FILENAME
174,FILE
175,NUMBER
176,CPP_NUMBER
177,CPP_LITERAL
178,CPP_MACRO_DEFN
179,CPP_MACRO_VALUE
180,ERROR
181,CPP_ERROR
182,CPP_WARNING
183,CPP_PRAGMA
184,CPP_INCLUDE
185,CPP_DEFINE
186,CPP_UNDEF
187,CPP_LINE
188,CPP_IF
189,CPP_IFDEF
190,CPP_IFNDEF
191,CPP_THEN
192,CPP_ELSE
193,CPP_ELIF
194,CPP_EMPTY
195,CPP_REGION
196,CPP_ENDREGION
197,USING_STMT
198,ESCAPE
199,VALUE
200,CPP_IMPORT
201,CPP_ENDIF
202,MARKER
203,ERROR_PARSE
204,ERROR_MODE
205,IMPLEMENTS
206,EXTENDS
207,IMPORT
208,PACKAGE
209,ASSERT_STATEMENT
210,INTERFACE
211,INTERFACE_DECLARATION
212,SYNCHRONIZED_STATEMENT
213,ANNOTATION
214,STATIC_BLOCK
215,CHECKED_STATEMENT
216,UNCHECKED_STATEMENT
217,ATTRIBUTE
218,TARGET
219,UNSAFE_STATEMENT
220,LOCK_STATEMENT
221,FIXED_STATEMENT
222,TYPEOF
223,USING_STATEMENT
224,FUNCTION_DELEGATE
225,CONSTRAINT
226,LINQ
227,FROM
228,WHERE
229,SELECT
230,LET
231,ORDERBY
232,JOIN
233,GROUP
234,IN
235,ON
236,EQUALS
237,BY
238,INTO
239,EMPTY
240,EMPTY_STMT
241,RECEIVER
242,MESSAGE
243,SELECTOR
244,PROTOCOL_LIST
245,CATEGORY
246,PROTOCOL
247,REQUIRED_DEFAULT
248,REQUIRED
249,OPTIONAL
250,ATTRIBUTE_LIST
251,SYNTHESIZE
252,DYNAMIC
253,ENCODE
254,AUTORELEASEPOOL
255,COMPATIBILITY_ALIAS
256,NIL
257,CLASS_INTERFACE
258,CLASS_IMPLEMENTATION
259,PROTOCOL_DECLARATION
260,CAST
261,CONST_CAST
262,DYNAMIC_CAST
263,REINTERPRET_CAST
264,STATIC_CAST
265,POSITION
266,CUDA_ARGUMENT_LIST
267,OMP_DIRECTIVE
268,OMP_NAME
269,OMP_CLAUSE
270,OMP_ARGUMENT_LIST
271,OMP_ARGUMENT
272,OMP_EXPRESSION
273,END_ELEMENT_TOKEN
274,MAIN
275,BREAK
276,CONTINUE
277,WHILE
278,DO
279,FOR
280,IF
281,GOTO
282,VISUAL_CXX_ASM
283,SIZEOF
284,AUTO
285,REGISTER
286,RESTRICT
287,IMAGINARY
288,NORETURN
289,STATIC_ASSERT
290,CRESTRICT
291,CXX_TRY
292,CXX_CATCH
293,CXX_CLASS
294,CONSTEXPR
295,THREAD_LOCAL
296,NULLPTR
297,VOID
298,RETURN
299,INCLUDE
300,DEFINE
301,ELIF
302,ENDIF
303,ERRORPREC
304,WARNING
305,IFDEF
306,IFNDEF
307,LINE
308,PRAGMA
309,UNDEF
310,INLINE
311,MACRO_TYPE_NAME
312,MACRO_CASE
313,MACRO_LABEL
314,SPECIFIER
315,TRY
316,CATCH
317,THROW
318,THROWS
319,PUBLIC
320,PRIVATE
321,PROTECTED
322,VIRTUAL
323,EXPLICIT
324,FOREVER
325,SIGNAL
326,EMIT
327,NEW
328,DELETE
329,STATIC
330,CONST
331,MUTABLE
332,VOLATILE
333,TRANSIENT
334,FINALLY
335,FINAL
336,ABSTRACT
337,SUPER
338,SYNCHRONIZED
339,NATIVE
340,STRICTFP
341,NULLLITERAL
342,ASSERT
343,FOREACH
344,REF
345,OUT
346,LOCK
347,IS
348,INTERNAL
349,SEALED
350,OVERRIDE
351,IMPLICIT
352,STACKALLOC
353,AS
354,DELEGATE
355,FIXED
356,CHECKED
357,UNCHECKED
358,REGION
359,ENDREGION
360,UNSAFE
361,READONLY
362,GET
363,SET
364,ADD
365,REMOVE
366,YIELD
367,PARTIAL
368,AWAIT
369,ASYNC
370,THIS
371,PARAMS
372,ALIAS
373,ASCENDING
374,DESCENDING
375,ATINTERFACE
376,ATIMPLEMENTATION
377,ATEND
378,ATPROTOCOL
379,ATREQUIRED
380,ATOPTIONAL
381,ATCLASS
382,WEAK
383,STRONG
384,OMP_OMP
385,SPECIAL_CHARS
386,SLICE_DEFINE
387,SLICE_USE